id,oldTopic,oldSubtopic,topic,subtopic,topics,subtopics,questionFile,questionSHA256,review,changed
edexcel-1ma1-1h-2024-june-q1,Algebra,Arithmetic sequences: nth term,Algebra,Arithmetic sequences,Algebra,Arithmetic sequences,exams/questions/gcse/higher/p1/edexcel-1ma1-1h-2024-june-q1.pdf,9f3f4b69f4e4d4d168c707f23ccce4308aa0154027de716ac655e78b2c121756,PDF text,True
edexcel-1ma1-1h-2024-june-q2,Number,Mixed numbers and fraction arithmetic,Number,Mixed numbers,Number,Mixed numbers,exams/questions/gcse/higher/p1/edexcel-1ma1-1h-2024-june-q2.pdf,d45d91b96b9e57a353e8b95ad5a4712ce0f77f4a572d7876a128288f5044fe05,PDF text,True
edexcel-1ma1-1h-2024-june-q3,Geometry and Measures,Compound area and paint coverage,Geometry and Measures,Area,"Geometry and Measures | Ratio, Proportion and Rates of Change",Area | Unit rates,exams/questions/gcse/higher/p1/edexcel-1ma1-1h-2024-june-q3.pdf,bab303bab3beac521f97effd5383a288d5532d4399788640cc9d96bd9b93dd3f,PDF text,True
edexcel-1ma1-1h-2024-june-q4,Probability,Venn diagrams and set notation,Probability,Venn diagrams,Probability,Venn diagrams,exams/questions/gcse/higher/p1/edexcel-1ma1-1h-2024-june-q4.pdf,4d59caded487a8fb17ce1a04bd718633bdf72b7458cb56f79da214d07ccd9ad5,PDF text,True
edexcel-1ma1-1h-2024-june-q5,Number,Estimation and rounding,Number,Estimation,Number,Estimation,exams/questions/gcse/higher/p1/edexcel-1ma1-1h-2024-june-q5.pdf,7a91231bc66693a17653b5393e21f4d1a2e5f447bbb0cee119fc17cadaafb161,PDF text,True
edexcel-1ma1-1h-2024-june-q6,Algebra,Straight-line equations and parallel lines,Algebra,Equation of a straight line,Algebra,Equation of a straight line,exams/questions/gcse/higher/p1/edexcel-1ma1-1h-2024-june-q6.pdf,9c0f8fbf61f39634b5776f30b5d5e6a4b83770c24235a12693446206bf99a644,PDF text,True
edexcel-1ma1-1h-2024-june-q7,"Ratio, Proportion and Rates of Change","Combining ratios, fractions and percentages","Ratio, Proportion and Rates of Change",Combining ratios,"Ratio, Proportion and Rates of Change | Number",Combining ratios | Percentages | Fractions,exams/questions/gcse/higher/p1/edexcel-1ma1-1h-2024-june-q7.pdf,c59811b19bde7b1f19ffc996ba52b5115c702b75a5a3733e97a04d5143822675,PDF text,True
edexcel-1ma1-1h-2024-june-q8,Statistics,Mean of combined groups,Statistics,Mean,Statistics,Mean,exams/questions/gcse/higher/p1/edexcel-1ma1-1h-2024-june-q8.pdf,48d39a874ddfa4e0821fbd7ec130d430548c7cdca9f5e7486c5640b5328bf1ef,PDF text,True
edexcel-1ma1-1h-2024-june-q9,"Ratio, Proportion and Rates of Change",Percentage decrease and multipliers,Number,Percentage increase and decrease,Number,Percentage increase and decrease,exams/questions/gcse/higher/p1/edexcel-1ma1-1h-2024-june-q9.pdf,c6bb6ba5d4411df67bb4ac0eeb201014ea295b36b503e5e073b3ceef81121838,PDF text,True
edexcel-1ma1-1h-2024-june-q10,Algebra,Simultaneous linear equations,Algebra,Linear simultaneous equations,Algebra,Linear simultaneous equations,exams/questions/gcse/higher/p1/edexcel-1ma1-1h-2024-june-q10.pdf,4e9d92e8be87aa27929a82629778992a7163595d689639479196b1d473867751,PDF text,True
edexcel-1ma1-1h-2024-june-q11,Geometry and Measures,Combined transformations,Geometry and Measures,Transformations,Geometry and Measures,Transformations | Translations | Rotations,exams/questions/gcse/higher/p1/edexcel-1ma1-1h-2024-june-q11.pdf,9c4c41564570521f6d9220ee70d3ae55f63082fe897f810ee42feafdc339aa1d,PDF text and visual,True
edexcel-1ma1-1h-2024-june-q12,Algebra,"Recognising quadratic, cubic and reciprocal graphs",Algebra,Recognising graphs,Algebra,Recognising graphs,exams/questions/gcse/higher/p1/edexcel-1ma1-1h-2024-june-q12.pdf,146cf1b3037616a31cff3437cd90e0ccd63eb0b7f05524a556441bb4677c5f49,PDF text,True
edexcel-1ma1-1h-2024-june-q13,Statistics,Histograms and grouped data,Statistics,Histograms,Statistics,Histograms,exams/questions/gcse/higher/p1/edexcel-1ma1-1h-2024-june-q13.pdf,0bae3525d636b350e217aeb39f209d20628525fcdd168eaefc54fe48470d92d9,PDF text,True
edexcel-1ma1-1h-2024-june-q14,Algebra,Expanding three brackets,Algebra,Expanding three brackets,Algebra,Expanding three brackets,exams/questions/gcse/higher/p1/edexcel-1ma1-1h-2024-june-q14.pdf,08ffb9b356cac13567a34fa95233cb769e301df0d04a11eef5c6173a4cdd7ab4,PDF text,False
edexcel-1ma1-1h-2024-june-q15,Geometry and Measures,Arc length and sector area,Geometry and Measures,Sector area,Geometry and Measures,Sector area,exams/questions/gcse/higher/p1/edexcel-1ma1-1h-2024-june-q15.pdf,14bf81a88de1464e40f4af5e6984bb75ca1e703e3ef6811b9a470af15ba7a7e5,PDF text,True
edexcel-1ma1-1h-2024-june-q16,Probability,Probability without replacement: algebraic proof,Probability,Probability without replacement,Probability | Algebra,Probability without replacement | Algebraic proof,exams/questions/gcse/higher/p1/edexcel-1ma1-1h-2024-june-q16.pdf,cdce6c96d55846fe72707560552c2d7ad8b06579cbc3c0a0d284bc3d6f2e6ab0,PDF text,True
edexcel-1ma1-1h-2024-june-q17,Number,Surds and rationalising denominators,Number,Simplifying surds,Number,Simplifying surds | Rationalising denominators,exams/questions/gcse/higher/p1/edexcel-1ma1-1h-2024-june-q17.pdf,6f363b074ee9ab304068303c4827d6e92e223c952ec3b7c16e118668c5e7387b,PDF text and visual,True
edexcel-1ma1-1h-2024-june-q18,Number,Recurring decimals as fractions,Number,Recurring decimals,Number,Recurring decimals,exams/questions/gcse/higher/p1/edexcel-1ma1-1h-2024-june-q18.pdf,590d15b739110f262ba311fcf8a021dae82ab5ad362858725b767161ccc2057b,PDF text,True
edexcel-1ma1-1h-2024-june-q19,Geometry and Measures,Similar triangles and length ratios,Geometry and Measures,Similarity,"Geometry and Measures | Ratio, Proportion and Rates of Change",Similarity | Ratio problem solving,exams/questions/gcse/higher/p1/edexcel-1ma1-1h-2024-june-q19.pdf,e1684e962d5db2abfa5e1a5aa089d575e31d5d15828cad52dc95732ba3fb4e93,PDF text,True
edexcel-1ma1-1h-2024-june-q20,Number,Laws of indices and fractional powers,Number,Laws of indices,Number | Algebra,Laws of indices | Fractional indices,exams/questions/gcse/higher/p1/edexcel-1ma1-1h-2024-june-q20.pdf,5efe24d6e2bc0793897341967ab22f8fac9e8b7f0eecd8b8bbf4537eba2e39e8,PDF text and visual,True
edexcel-1ma1-1h-2024-june-q21,Geometry and Measures,Cuboid volume and surface area using quadratics,Algebra,Quadratic equations by factorising,Algebra | Geometry and Measures,Quadratic equations by factorising | Forming equations | Volume | Surface area,exams/questions/gcse/higher/p1/edexcel-1ma1-1h-2024-june-q21.pdf,8eeec05f82918d0938cc17499eb8909cda9fbdc1bb3f66b5439b82bf3b181bee,PDF text and visual,True
edexcel-1ma1-1h-2024-june-q22,Algebra,Sine graphs and trigonometric equations,Geometry and Measures,Trigonometric equations,Geometry and Measures,Trigonometric equations | Trigonometric graphs,exams/questions/gcse/higher/p1/edexcel-1ma1-1h-2024-june-q22.pdf,1124249fdf5c20c27d9b21b4b5893d94b4617026b498de53608b2a47b5744af4,PDF text,True
edexcel-1ma1-1h-2024-june-q23,Algebra,Circle and straight-line equations,Algebra,Equation of a circle,Algebra | Geometry and Measures,Equation of a circle | Circle theorems | Equation of a straight line,exams/questions/gcse/higher/p1/edexcel-1ma1-1h-2024-june-q23.pdf,4117395df588aac77442cbdb0b1e7180934de49fd7dad5a0c0aa0ddafb1d9d75,PDF text,True
edexcel-1ma1-1h-2017-june-q1,Statistics,Scatter graphs and correlation,Statistics,Scatter graphs,Statistics,Scatter graphs,exams/questions/gcse/higher/p1/edexcel-1ma1-1h-2017-june-q1.pdf,561fe34b4335eb73cc6c14ba36db0eac46ac93967401a2546331c8c9ecf407e2,PDF text,True
edexcel-1ma1-1h-2017-june-q2,Number,"Prime factors, HCF and LCM",Number,Prime factors,Number,Prime factors,exams/questions/gcse/higher/p1/edexcel-1ma1-1h-2017-june-q2.pdf,52557fe8e3a8ce5ec9f2eb8adbd42c28817e353295a469ba89fc91bbf1d7dd61,PDF text,True
edexcel-1ma1-1h-2017-june-q3,Number,Numerical calculations,Number,Four operations,Number,Four operations,exams/questions/gcse/higher/p1/edexcel-1ma1-1h-2017-june-q3.pdf,48788d86603ca836679b1ea873ca6b241b051962e6331d759c26c750f0f52d72,PDF text,True
edexcel-1ma1-1h-2017-june-q4,Geometry and Measures,Area and perimeter,Algebra,Forming equations,Algebra,Forming equations,exams/questions/gcse/higher/p1/edexcel-1ma1-1h-2017-june-q4.pdf,ebcb208a64dd844f0c65c30d70878ce92b6bcb346fdee1808cad123bc3148c05,PDF text,True
edexcel-1ma1-1h-2017-june-q5,Geometry and Measures,Pythagoras in practical problems,Geometry and Measures,Pythagoras,Geometry and Measures,Pythagoras,exams/questions/gcse/higher/p1/edexcel-1ma1-1h-2017-june-q5.pdf,f7c20e2add2a1b4cbeb27fd2b436b306bc05644e236c798289a81b2082025016,PDF text,True
edexcel-1ma1-1h-2017-june-q6,Algebra,Straight-line graphs and equations,Algebra,Parallel and perpendicular lines,Algebra,Parallel and perpendicular lines,exams/questions/gcse/higher/p1/edexcel-1ma1-1h-2017-june-q6.pdf,d2e7fb3ed98157a244d748bdd38f09a7e03c7e79601cebf1e5fce7b8516f6d55,PDF text,True
edexcel-1ma1-1h-2017-june-q7,Statistics,Averages and grouped data,Statistics,Mean,Statistics,Mean,exams/questions/gcse/higher/p1/edexcel-1ma1-1h-2017-june-q7.pdf,219c1fa28e86115aca2078573a30db531716773348b533dcc6fc71658a81c88b,PDF text,True
edexcel-1ma1-1h-2017-june-q8,Number,Standard form,Number,Standard form calculations,Number,Standard form calculations,exams/questions/gcse/higher/p1/edexcel-1ma1-1h-2017-june-q8.pdf,b880140d8ace7b9042cc8c8c66c12bc3084c2f710d5a8a8f5d4f3cbdb66d9a76,PDF text,True
edexcel-1ma1-1h-2017-june-q9,"Ratio, Proportion and Rates of Change",Percentages and multipliers,Number,Reverse percentages,Number,Reverse percentages,exams/questions/gcse/higher/p1/edexcel-1ma1-1h-2017-june-q9.pdf,d7c7b4f25a8a7b4fdbe8e2794faebc2c60b81cb59bd437dcb3c5a15616409bfa,PDF text,True
edexcel-1ma1-1h-2017-june-q10,Algebra,Expanding and simplifying expressions,Algebra,Expanding three brackets,Algebra,Expanding three brackets,exams/questions/gcse/higher/p1/edexcel-1ma1-1h-2017-june-q10.pdf,a68951fb0a5ef3874cfc3da3d494ee3e968cd852951071451c12f690b02e116f,PDF text,True
edexcel-1ma1-1h-2017-june-q11,Algebra,Functions and inverse functions,Algebra,Quadratic graphs,Algebra,Quadratic graphs,exams/questions/gcse/higher/p1/edexcel-1ma1-1h-2017-june-q11.pdf,0ca2fb9e52a2eed09b05885cec69feed892d316fef165ef222e00a4798814ec3,PDF text,True
edexcel-1ma1-1h-2017-june-q12,Number,"Powers, roots and indices",Number,Fractional indices,Number,Fractional indices,exams/questions/gcse/higher/p1/edexcel-1ma1-1h-2017-june-q12.pdf,e75b9198b3da851917acfe6e560fdfd9b520884afc13a51ba584d0341c971942,PDF text and visual,True
edexcel-1ma1-1h-2017-june-q13,"Ratio, Proportion and Rates of Change",Direct and inverse proportion,"Ratio, Proportion and Rates of Change",Inverse proportion,"Ratio, Proportion and Rates of Change",Inverse proportion,exams/questions/gcse/higher/p1/edexcel-1ma1-1h-2017-june-q13.pdf,4affb99b18196dedf46b9bf790d789de8fcc82e68649d5e784a24479c9196f3d,PDF text,True
edexcel-1ma1-1h-2017-june-q14,"Ratio, Proportion and Rates of Change",Ratios and sharing,"Ratio, Proportion and Rates of Change",Combining ratios,"Ratio, Proportion and Rates of Change",Combining ratios,exams/questions/gcse/higher/p1/edexcel-1ma1-1h-2017-june-q14.pdf,692aba6f21de45aefeb897b54f3b696648098f4434994f39bb0ccdf67aa3cd59,PDF text,True
edexcel-1ma1-1h-2017-june-q15,Geometry and Measures,Volume and surface area,Number,Estimation,Number,Estimation,exams/questions/gcse/higher/p1/edexcel-1ma1-1h-2017-june-q15.pdf,9bb9eb703138a7b6373622866156ed1a56a8e0a643a67481b54e313d197203fc,PDF text,True
edexcel-1ma1-1h-2017-june-q16,Algebra,Algebraic proof,Algebra,Algebraic proof,Algebra,Algebraic proof,exams/questions/gcse/higher/p1/edexcel-1ma1-1h-2017-june-q16.pdf,5bce0b4097b858a8593f50357e4db4f4f9b1933a24c79e2cb506220b26f4fa2e,PDF text,False
edexcel-1ma1-1h-2017-june-q17,Probability,Probability and combined events,Probability,Probability without replacement,Probability,Probability without replacement,exams/questions/gcse/higher/p1/edexcel-1ma1-1h-2017-june-q17.pdf,39885cd680e8b5d676c0f042272ab75e55e0fcd05abe04b82445fffcdddcb1a9,PDF text,True
edexcel-1ma1-1h-2017-june-q18,Algebra,Perpendicular lines and gradients,Algebra,Parallel and perpendicular lines,Algebra,Parallel and perpendicular lines,exams/questions/gcse/higher/p1/edexcel-1ma1-1h-2017-june-q18.pdf,b6a59fda928dc5c071c20f2291f40bc81d870258c392fe1690c9c010065c683e,PDF text,True
edexcel-1ma1-1h-2017-june-q19,Algebra,Straight-line graphs and equations,Geometry and Measures,Vector geometry,Geometry and Measures,Vector geometry,exams/questions/gcse/higher/p1/edexcel-1ma1-1h-2017-june-q19.pdf,33a2ca3469709d01af89c890b4d3f97cfefa5a3442d3b09fcafe49ca48ab61e3,PDF text,True
edexcel-1ma1-1h-2017-june-q20,Algebra,Simultaneous equations,Algebra,Simultaneous equations with a quadratic,Algebra,Simultaneous equations with a quadratic,exams/questions/gcse/higher/p1/edexcel-1ma1-1h-2017-june-q20.pdf,f056bfa1c4bcfbb47dff51e820ef315ea85634cf40ae1c7d53758afeaffd9cf3,PDF text and visual,True
edexcel-1ma1-1h-2017-june-q21,Geometry and Measures,Congruent triangles and proof,Geometry and Measures,Congruence,Geometry and Measures,Congruence,exams/questions/gcse/higher/p1/edexcel-1ma1-1h-2017-june-q21.pdf,8ce5166ae4040bf627519d48920a3d700d4c7429eb5a67a22e8fa75147a1ddbc,PDF text,True
edexcel-1ma1-1h-2017-june-q22,Geometry and Measures,Trigonometry,Geometry and Measures,Cosine rule,Geometry and Measures,Cosine rule | Exact trigonometric values,exams/questions/gcse/higher/p1/edexcel-1ma1-1h-2017-june-q22.pdf,a9438be6e39c7a2e7c3153894358ef2cee9b705e99c6576a49911e4ab7ab5ac8,PDF text and visual,True
edexcel-1ma1-1h-2017-november-q1,Number,"Prime factors, HCF and LCM",Number,Prime factors,Number,Prime factors,exams/questions/gcse/higher/p1/edexcel-1ma1-1h-2017-november-q1.pdf,6864887cacded7cd21dced1aa8a65b7b29965950bc6e469e69fb2924ba1c01ad,PDF text,True
edexcel-1ma1-1h-2017-november-q2,"Ratio, Proportion and Rates of Change",Ratios and sharing,Algebra,Forming equations,Algebra,Forming equations,exams/questions/gcse/higher/p1/edexcel-1ma1-1h-2017-november-q2.pdf,0e254b9b1a90c220da8923cbe91b61b6427864654c770b62220d4252313e5e15,PDF text,True
edexcel-1ma1-1h-2017-november-q3,Algebra,Straight-line graphs and equations,Geometry and Measures,Angles in parallel lines,Geometry and Measures,Angles in parallel lines,exams/questions/gcse/higher/p1/edexcel-1ma1-1h-2017-november-q3.pdf,325339c0176b0c4871dc6329f7d45d62d35ceef009adef96aab0e1b23c145944,PDF text,True
edexcel-1ma1-1h-2017-november-q4,Geometry and Measures,Circle area and fractions,Geometry and Measures,Area,Geometry and Measures,Area,exams/questions/gcse/higher/p1/edexcel-1ma1-1h-2017-november-q4.pdf,4ec5c6be752ca120f6bb7d1dde8e3735b760ebbe423d39e310e4f1ecfc1b6c64,PDF text,True
edexcel-1ma1-1h-2017-november-q5,Statistics,Averages and grouped data,Statistics,Estimated mean,Statistics,Estimated mean,exams/questions/gcse/higher/p1/edexcel-1ma1-1h-2017-november-q5.pdf,473051885566af6765a7d47c2cfb8e4ae84102cabd551c8de8fb892893ef374e,PDF text,True
edexcel-1ma1-1h-2017-november-q6,Geometry and Measures,Area and perimeter,Algebra,Forming equations,Algebra,Forming equations,exams/questions/gcse/higher/p1/edexcel-1ma1-1h-2017-november-q6.pdf,6a99bec1b6492e2f37b2ecd82591a3348ea7cdef88faaa2e844e79582be807dd,PDF text,True
edexcel-1ma1-1h-2017-november-q7,Algebra,Graphs and equations,Algebra,Quadratic graphs,Algebra,Quadratic graphs,exams/questions/gcse/higher/p1/edexcel-1ma1-1h-2017-november-q7.pdf,26d61e9f8c08fdf6bedd5b0ef97fe9fff449910f26e7299675077b0df973db12,PDF text,True
edexcel-1ma1-1h-2017-november-q8,Number,Ordering decimals,Number,"Ordering fractions, decimals and percentages",Number,"Ordering fractions, decimals and percentages | Recurring decimals",exams/questions/gcse/higher/p1/edexcel-1ma1-1h-2017-november-q8.pdf,191e5f0cd59618c09b0688793633ee915c568461da402cae061c3aaf8d714dc6,PDF text and visual,True
edexcel-1ma1-1h-2017-november-q9,"Ratio, Proportion and Rates of Change","Speed, distance and time","Ratio, Proportion and Rates of Change",Speed,"Ratio, Proportion and Rates of Change",Speed,exams/questions/gcse/higher/p1/edexcel-1ma1-1h-2017-november-q9.pdf,af34efcd6bedc3d6986cafc3aeaed4306ca1ff187fb5bd0c29a47d5e742b63bd,PDF text,True
edexcel-1ma1-1h-2017-november-q10,Number,"Powers, roots and indices",Number,Fractional indices,Number,Fractional indices,exams/questions/gcse/higher/p1/edexcel-1ma1-1h-2017-november-q10.pdf,fd8adf498ad7a802ccabdb376bbc1d98f87a90c986686f342f6e38d257631c50,PDF text and visual,True
edexcel-1ma1-1h-2017-november-q11,Algebra,Simultaneous equations,Algebra,Forming and solving linear simultaneous equations,Algebra,Forming and solving linear simultaneous equations,exams/questions/gcse/higher/p1/edexcel-1ma1-1h-2017-november-q11.pdf,6b06b913c024768b54513787989753c5040643b6b1093b22ec65a165ec586b83,PDF text,True
edexcel-1ma1-1h-2017-november-q12,Statistics,Cumulative frequency and quartiles,Statistics,Box plots,Statistics,Box plots,exams/questions/gcse/higher/p1/edexcel-1ma1-1h-2017-november-q12.pdf,06d7b1428ede4cd4634db0adfb21243f6ec57bd87590f21c0f8ea342bc22bac5,PDF text,True
edexcel-1ma1-1h-2017-november-q13,Probability,Probability and combined events,Statistics,Sampling,Statistics,Sampling,exams/questions/gcse/higher/p1/edexcel-1ma1-1h-2017-november-q13.pdf,9012dd28dfaf860fe28bd7d27f0c6e229a00e7ae5c7c7fbd65afe4a1f751dd56,PDF text,True
edexcel-1ma1-1h-2017-november-q14,"Ratio, Proportion and Rates of Change",Ratios and algebra,"Ratio, Proportion and Rates of Change",Ratio problem solving,"Ratio, Proportion and Rates of Change",Ratio problem solving,exams/questions/gcse/higher/p1/edexcel-1ma1-1h-2017-november-q14.pdf,1447a1d240f62d3d37be125bd8ad2389421e4816f36407a36511545d31b9e3fe,PDF text,True
edexcel-1ma1-1h-2017-november-q15,Number,Recurring decimals as fractions,Number,Recurring decimals,Number,Recurring decimals,exams/questions/gcse/higher/p1/edexcel-1ma1-1h-2017-november-q15.pdf,e129308d0cbab50af518576f5fd29bb50b59b4ed97b648143d25930beb2b352f,PDF text,True
edexcel-1ma1-1h-2017-november-q16,"Ratio, Proportion and Rates of Change",Direct and inverse proportion,"Ratio, Proportion and Rates of Change",Direct proportion,"Ratio, Proportion and Rates of Change",Direct proportion,exams/questions/gcse/higher/p1/edexcel-1ma1-1h-2017-november-q16.pdf,11b11220e8ce9c9007334fc4404ecacbeaa962946cc777146d70f592793b84d3,PDF text,True
edexcel-1ma1-1h-2017-november-q17,Algebra,Algebraic proof,Algebra,Algebraic proof,Algebra,Algebraic proof,exams/questions/gcse/higher/p1/edexcel-1ma1-1h-2017-november-q17.pdf,8bdf2f891091d64172d8dc6be6aa20df538145f3bb4ccf0279c655106cc8d04c,PDF text,False
edexcel-1ma1-1h-2017-november-q18,Geometry and Measures,Similar shapes and scale factors,Geometry and Measures,Enlargements,Geometry and Measures,Enlargements,exams/questions/gcse/higher/p1/edexcel-1ma1-1h-2017-november-q18.pdf,424b4bba902e75d578e03e774376ec93d31e1b2098845ff4add45ab4502f7414,PDF text,True
edexcel-1ma1-1h-2017-november-q19,Algebra,Straight-line graphs and equations,Algebra,Parallel and perpendicular lines,Algebra,Parallel and perpendicular lines,exams/questions/gcse/higher/p1/edexcel-1ma1-1h-2017-november-q19.pdf,95604a53cb4fff3ae19ffaa590903df94bca9fcbe05f53e0a4c7db4c8bad84bd,PDF text,True
edexcel-1ma1-1h-2017-november-q20,Geometry and Measures,Trigonometry,Geometry and Measures,Exact trigonometric values,Geometry and Measures,Exact trigonometric values,exams/questions/gcse/higher/p1/edexcel-1ma1-1h-2017-november-q20.pdf,11edca36a7bbf65205fc72b9211b7f35a4a0df8444ab85d56cd4efd34ce76aec,PDF text and visual,True
edexcel-1ma1-1h-2017-november-q21,Number,Surds and rationalising denominators,Number,Rationalising denominators,Number,Rationalising denominators,exams/questions/gcse/higher/p1/edexcel-1ma1-1h-2017-november-q21.pdf,41dc1bbe30986a6eb47e9ced8c59c278206540a84a63b2a651aeab27514b58cb,PDF text and visual,True
edexcel-1ma1-1h-2017-november-q22,Geometry and Measures,Similar shapes and scale factors,Geometry and Measures,Similarity,Geometry and Measures,Similarity,exams/questions/gcse/higher/p1/edexcel-1ma1-1h-2017-november-q22.pdf,077b6c4e67be1cb4671e119723aa6bcc083659c81889c49a2b4a31f8252d5252,PDF text,True
edexcel-1ma1-1h-2017-november-q23,Geometry and Measures,Trigonometry,Algebra,Quadratic inequalities,Algebra,Quadratic inequalities,exams/questions/gcse/higher/p1/edexcel-1ma1-1h-2017-november-q23.pdf,c0d79b7b17cb0661236036c5b352f6d562cc368b4339051a580f45ca4118a57b,PDF text,True
edexcel-1ma1-1h-2018-june-q1,Number,Fractions and mixed numbers,Number,Mixed numbers,Number,Mixed numbers,exams/questions/gcse/higher/p1/edexcel-1ma1-1h-2018-june-q1.pdf,6b6070d88a64e643342941252258bbc17a8a4b15bedde73c3b82d388fd1d36a6,PDF text,True
edexcel-1ma1-1h-2018-june-q2,"Ratio, Proportion and Rates of Change",Ratios and sharing,"Ratio, Proportion and Rates of Change",Combining ratios,"Ratio, Proportion and Rates of Change",Combining ratios,exams/questions/gcse/higher/p1/edexcel-1ma1-1h-2018-june-q2.pdf,f4191debc072774ba6dba54005722dc8e5bf79e75fe1010dacc7ac671f69b9fa,PDF text,True
edexcel-1ma1-1h-2018-june-q3,"Ratio, Proportion and Rates of Change",Percentages and multipliers,Number,Percentage increase and decrease,Number,Percentage increase and decrease,exams/questions/gcse/higher/p1/edexcel-1ma1-1h-2018-june-q3.pdf,0be74654d94c30c6a3d5aae00205ccd06432d1498281125e1314f0de0c436551,PDF text,True
edexcel-1ma1-1h-2018-june-q4,"Ratio, Proportion and Rates of Change","Speed, distance and time",Number,Estimation,Number,Estimation,exams/questions/gcse/higher/p1/edexcel-1ma1-1h-2018-june-q4.pdf,c5d156ea5e3e0e2ecbdd0747386927960d4a4b6dab3793daad3eaf8c123e3523,PDF text,True
edexcel-1ma1-1h-2018-june-q5,Geometry and Measures,Volume and surface area,Geometry and Measures,Surface area,Geometry and Measures,Surface area,exams/questions/gcse/higher/p1/edexcel-1ma1-1h-2018-june-q5.pdf,d197f4544b9e1d9fae14992b71befc6f778bfe3552022643c38f0781437446d6,PDF text,True
edexcel-1ma1-1h-2018-june-q6,Geometry and Measures,Vectors and geometric proof,Algebra,Coordinates,Algebra,Coordinates,exams/questions/gcse/higher/p1/edexcel-1ma1-1h-2018-june-q6.pdf,29b416ade214edecd2db35b8be9765fca9c9cea33b5950c774f86046a6dca26f,PDF text,True
edexcel-1ma1-1h-2018-june-q7,Geometry and Measures,Transformations,Geometry and Measures,Transformations,Geometry and Measures,Transformations | Reflections | Rotations,exams/questions/gcse/higher/p1/edexcel-1ma1-1h-2018-june-q7.pdf,2bd69427f8ba4dfc94664be85e37065536316756e05ef1696ed7b5df5bf5f6b1,PDF text and visual,True
edexcel-1ma1-1h-2018-june-q8,Geometry and Measures,Polygons and angle reasoning,"Ratio, Proportion and Rates of Change",Sharing in a ratio,"Ratio, Proportion and Rates of Change",Sharing in a ratio,exams/questions/gcse/higher/p1/edexcel-1ma1-1h-2018-june-q8.pdf,0cd8917fc0e4fc6eb7eb4e86c1853766a66085e2221c15376f38d9446928056d,PDF text,True
edexcel-1ma1-1h-2018-june-q9,Number,"Powers, roots and indices",Number,Fractional indices,Number,Fractional indices,exams/questions/gcse/higher/p1/edexcel-1ma1-1h-2018-june-q9.pdf,df4fa902f55110496d7d5f0dfe26dca31547b5cf982419e0206e113fa83bcd78,PDF text and visual,True
edexcel-1ma1-1h-2018-june-q10,Statistics,Cumulative frequency and quartiles,Statistics,Box plots,Statistics,Box plots,exams/questions/gcse/higher/p1/edexcel-1ma1-1h-2018-june-q10.pdf,b3082978e9f9dce562b2676ee48dfb78354aeda61a3d37a4f3bdc6267ea0370c,PDF text,True
edexcel-1ma1-1h-2018-june-q11,Geometry and Measures,Circle theorems,Geometry and Measures,Circle theorems,Geometry and Measures,Circle theorems,exams/questions/gcse/higher/p1/edexcel-1ma1-1h-2018-june-q11.pdf,90241c4c65e85f3b3df60bcb4050845a3adbec16445f8aa58bf4e4df2b53a490,PDF text,False
edexcel-1ma1-1h-2018-june-q12,Algebra,Algebraic proof,Algebra,Algebraic proof,Algebra,Algebraic proof,exams/questions/gcse/higher/p1/edexcel-1ma1-1h-2018-june-q12.pdf,f4081378dd0ab1a7949d3abf341a4389593617e5c918003025bc9a3758f4d551,PDF text,False
edexcel-1ma1-1h-2018-june-q13,Number,Surds and rationalising denominators,Number,Simplifying surds,Number,Simplifying surds,exams/questions/gcse/higher/p1/edexcel-1ma1-1h-2018-june-q13.pdf,a789d1f8047d636bcacab5d3a507e799a2b1e9bdc13b4a470d8859bcaf59fe61,PDF text and visual,True
edexcel-1ma1-1h-2018-june-q14,"Ratio, Proportion and Rates of Change",Direct and inverse proportion,"Ratio, Proportion and Rates of Change",Proportion equations,"Ratio, Proportion and Rates of Change",Proportion equations,exams/questions/gcse/higher/p1/edexcel-1ma1-1h-2018-june-q14.pdf,ed7e73663fda782aeead4acc15512d2e3cb2e2ccddb1e17b1969c128ea334881,PDF text,True
edexcel-1ma1-1h-2018-june-q15,Algebra,Factorising expressions,Algebra,Difference of two squares,Algebra,Difference of two squares,exams/questions/gcse/higher/p1/edexcel-1ma1-1h-2018-june-q15.pdf,b6a80672812424b85b450c308e9bb73cf11a14e9e2fc86ff729da160cbe291fb,PDF text,True
edexcel-1ma1-1h-2018-june-q16,Probability,Probability and combined events,Probability,Basic probability,Probability,Basic probability,exams/questions/gcse/higher/p1/edexcel-1ma1-1h-2018-june-q16.pdf,5c014083acb43864037eb7111ca7aaab351161ee8490a25c922b0f991eae3105,PDF text,True
edexcel-1ma1-1h-2018-june-q17,Algebra,Algebraic fractions,Algebra,Algebraic fractions,Algebra,Algebraic fractions,exams/questions/gcse/higher/p1/edexcel-1ma1-1h-2018-june-q17.pdf,9c4e58202117dee2aa1aa976b49831551df501b2f341810a3f85ed895be126b4,PDF text,False
edexcel-1ma1-1h-2018-june-q18,Geometry and Measures,Trigonometry,Geometry and Measures,Trigonometric graphs,Geometry and Measures | Algebra,Trigonometric graphs | Graph transformations,exams/questions/gcse/higher/p1/edexcel-1ma1-1h-2018-june-q18.pdf,c7405595cbe1923bf8bcbf19ada4fbf951b6c5d62239adc182bcfecea6e5a8c3,PDF text,True
edexcel-1ma1-1h-2018-june-q19,Algebra,Graphs and equations,Algebra,Parallel and perpendicular lines,Algebra,Parallel and perpendicular lines,exams/questions/gcse/higher/p1/edexcel-1ma1-1h-2018-june-q19.pdf,0b019f7410082f649d3e00ddc999c6db411c07e801c1710bbc6d8ddd089a7e81,PDF text,True
edexcel-1ma1-1h-2018-june-q20,"Ratio, Proportion and Rates of Change",Ratios and sharing,Algebra,Compound inequalities,Algebra,Compound inequalities,exams/questions/gcse/higher/p1/edexcel-1ma1-1h-2018-june-q20.pdf,61205a3d6daf2950a1065e0f66f7ecb57d3d860629dd642b7e05d5d7e98aa254,PDF text,True
edexcel-1ma1-1h-2018-november-q1,Number,"Powers, roots and indices",Number,Laws of indices,Number,Laws of indices,exams/questions/gcse/higher/p1/edexcel-1ma1-1h-2018-november-q1.pdf,3a961b1e2da523b78b4feb93c03700b878ad2920ea9224feb41ff11a53fb7f57,PDF text,True
edexcel-1ma1-1h-2018-november-q2,Algebra,Rearranging formulae,Algebra,Rearranging formulae,Algebra,Rearranging formulae,exams/questions/gcse/higher/p1/edexcel-1ma1-1h-2018-november-q2.pdf,a26a52656d523e0674f9aff89a430ff1c68a320551a11cd1c0ba3e4de6e5e85b,PDF text,False
edexcel-1ma1-1h-2018-november-q3,"Ratio, Proportion and Rates of Change",Percentages and multipliers,Number,Percentage increase and decrease,Number,Percentage increase and decrease,exams/questions/gcse/higher/p1/edexcel-1ma1-1h-2018-november-q3.pdf,3f410ef34f27dec87b8c8789af56243be353bba5b87dd2d7bf06a5bcb39c69ab,PDF text,True
edexcel-1ma1-1h-2018-november-q4,"Ratio, Proportion and Rates of Change",Inverse proportion and work rates,"Ratio, Proportion and Rates of Change",Inverse proportion,"Ratio, Proportion and Rates of Change",Inverse proportion,exams/questions/gcse/higher/p1/edexcel-1ma1-1h-2018-november-q4.pdf,d90f8206dcf930c48c96b8f71f3feac0da99d56b13c4165d5f68ca9e2969b247,PDF text,True
edexcel-1ma1-1h-2018-november-q5,"Ratio, Proportion and Rates of Change","Speed, distance and time",Number,Estimation,Number,Estimation,exams/questions/gcse/higher/p1/edexcel-1ma1-1h-2018-november-q5.pdf,e475b0a92087a3865f98d32c66b031c908805ad9ff8c9f06f5c3110fa86bd6de,PDF text,True
edexcel-1ma1-1h-2018-november-q6,Algebra,Simultaneous equations,Algebra,Linear simultaneous equations,Algebra,Linear simultaneous equations,exams/questions/gcse/higher/p1/edexcel-1ma1-1h-2018-november-q6.pdf,04be894d1be6d4896d946e6490677d522f1a6ea03aeccf0563e26ab08b53780f,PDF text,True
edexcel-1ma1-1h-2018-november-q7,Geometry and Measures,Arc length and sector area,Geometry and Measures,Sector area,Geometry and Measures,Sector area,exams/questions/gcse/higher/p1/edexcel-1ma1-1h-2018-november-q7.pdf,43e68c75c3d02df2c1ffc87424ae4c2db5aeb763fb29653df564decc0037a676,PDF text,True
edexcel-1ma1-1h-2018-november-q8,Geometry and Measures,Trigonometry,Geometry and Measures,Right-angled trigonometry,Geometry and Measures,Right-angled trigonometry | Exact trigonometric values,exams/questions/gcse/higher/p1/edexcel-1ma1-1h-2018-november-q8.pdf,001761993a885451eede194b77789f3fa805075c5bf4dc202003dff25cd073d6,PDF text,True
edexcel-1ma1-1h-2018-november-q9,Statistics,Cumulative frequency and quartiles,Statistics,Cumulative frequency,Statistics,Cumulative frequency | Box plots,exams/questions/gcse/higher/p1/edexcel-1ma1-1h-2018-november-q9.pdf,19ed1463373c183f1f7fa059e58a5390c6d979cbeabb040c7c7fdb2b80df60bf,PDF text,True
edexcel-1ma1-1h-2018-november-q10,"Ratio, Proportion and Rates of Change",Ratios and sharing,Algebra,Difference of two squares,Algebra,Difference of two squares | Algebraic fractions,exams/questions/gcse/higher/p1/edexcel-1ma1-1h-2018-november-q10.pdf,333a4037f1e2d3956a3fe278920fc1f74d0a7de5815f20bc994a3958ade2b16a,PDF text and visual,True
edexcel-1ma1-1h-2018-november-q11,"Ratio, Proportion and Rates of Change",Percentages and multipliers,Number,Percentage increase and decrease,Number,Percentage increase and decrease,exams/questions/gcse/higher/p1/edexcel-1ma1-1h-2018-november-q11.pdf,453d047e23eedd38a17c3407ea90eff057d5422793ce8c0fa85b88284baff4b0,PDF text,True
edexcel-1ma1-1h-2018-november-q12,Geometry and Measures,Circle theorems,Geometry and Measures,Circle theorems,Geometry and Measures,Circle theorems,exams/questions/gcse/higher/p1/edexcel-1ma1-1h-2018-november-q12.pdf,19a7a51ccc1677833901d3ac1d74de40f546bdcb84f70e6a22ce35e495df802d,PDF text,False
edexcel-1ma1-1h-2018-november-q13,Geometry and Measures,Transformations,Geometry and Measures,Enlargements,Geometry and Measures,Enlargements,exams/questions/gcse/higher/p1/edexcel-1ma1-1h-2018-november-q13.pdf,a77dd21056c5c9220d207485409b30b14945a65236a479fd2a753a87595cfaaf,PDF text and visual,True
edexcel-1ma1-1h-2018-november-q14,Number,"Powers, roots and indices",Number,Fractional indices,Number,Fractional indices | Laws of indices,exams/questions/gcse/higher/p1/edexcel-1ma1-1h-2018-november-q14.pdf,ea6d93fae69235c90460dfbc0e16675a11534abf45ebe365b1d6385c1235fe7e,PDF text and visual,True
edexcel-1ma1-1h-2018-november-q15,Geometry and Measures,Similar shapes and scale factors,Geometry and Measures,Similarity,Geometry and Measures,Similarity,exams/questions/gcse/higher/p1/edexcel-1ma1-1h-2018-november-q15.pdf,e126deef80d8b8e04aa924574001bc24f84582a5e0d8d8c9e73c46b3aeb7f2a0,PDF text,True
edexcel-1ma1-1h-2018-november-q16,Number,Recurring decimals as fractions,Number,Recurring decimals,Number,Recurring decimals,exams/questions/gcse/higher/p1/edexcel-1ma1-1h-2018-november-q16.pdf,87e6fb772af0e0f8c41f1773d8e98e24c540cac847e4cd4e7871f232a885c6ca,PDF text,True
edexcel-1ma1-1h-2018-november-q17,Algebra,Quadratic equations and graphs,Algebra,Quadratic graphs,Algebra,Quadratic graphs,exams/questions/gcse/higher/p1/edexcel-1ma1-1h-2018-november-q17.pdf,7f1a7dc1d183c47c99a7f8fc39ce2e65c5253afd71784df1248cee6f12a7013a,PDF text,True
edexcel-1ma1-1h-2018-november-q18,Geometry and Measures,Transformations,Algebra,Graph transformations,Algebra,Graph transformations,exams/questions/gcse/higher/p1/edexcel-1ma1-1h-2018-november-q18.pdf,8214d2cec2e2cac09f5f971906948b0ab48c803aef30bea94dd588e446cb897d,PDF text,True
edexcel-1ma1-1h-2018-november-q19,Algebra,Functions and inverse functions,Algebra,Composite functions,Algebra,Composite functions,exams/questions/gcse/higher/p1/edexcel-1ma1-1h-2018-november-q19.pdf,34d7ffba0b2f029c5a40308b8c4883ccfbf3d33a521cd80eed7663ee3930f06a,PDF text,True
edexcel-1ma1-1h-2018-november-q20,Number,Surds and rationalising denominators,Number,Rationalising denominators,Number,Rationalising denominators,exams/questions/gcse/higher/p1/edexcel-1ma1-1h-2018-november-q20.pdf,f263adef4a78bce3d037a36392dd1eb9a896e551e223fe970b39bbb2d57867d9,PDF text and visual,True
edexcel-1ma1-1h-2018-november-q21,Algebra,Straight-line graphs and equations,Geometry and Measures,Vector geometry,Geometry and Measures,Vector geometry,exams/questions/gcse/higher/p1/edexcel-1ma1-1h-2018-november-q21.pdf,36dc9e85903141435ef377e6a010227f7f126726662509fe77bea8d7735c3ead,PDF text,True
edexcel-1ma1-1h-2018-november-q22,Probability,Probability and combined events,Probability,Probability without replacement,Probability,Probability without replacement,exams/questions/gcse/higher/p1/edexcel-1ma1-1h-2018-november-q22.pdf,f0f0a6566867b49bed425ccb964e1f0979c419d98bc4ce68f195d136172153a0,PDF text,True
edexcel-1ma1-1h-2019-june-q1,Probability,Probability and combined events,Probability,Probability tables,Probability,Probability tables,exams/questions/gcse/higher/p1/edexcel-1ma1-1h-2019-june-q1.pdf,d0cbcdf8c5e5ff203dcedb4b253cf632a699383b71761876d227232bd8f31828,PDF text,True
edexcel-1ma1-1h-2019-june-q2,"Ratio, Proportion and Rates of Change",Recipes and direct proportion,"Ratio, Proportion and Rates of Change",Direct proportion,"Ratio, Proportion and Rates of Change",Direct proportion,exams/questions/gcse/higher/p1/edexcel-1ma1-1h-2019-june-q2.pdf,ec1a384a9b2d514e665c8e4b8ccfb019c5d03d2a96b151dfe116974fd7ed4254,PDF text,True
edexcel-1ma1-1h-2019-june-q3,Number,"Prime factors, HCF and LCM",Number,HCF and LCM,Number,HCF and LCM,exams/questions/gcse/higher/p1/edexcel-1ma1-1h-2019-june-q3.pdf,852eb8998c6b68638789172eaf54517cce3738ebf1afb86ee836eb3cd7dfb125,PDF text,True
edexcel-1ma1-1h-2019-june-q4,Geometry and Measures,Plans and elevations,Geometry and Measures,Plans and elevations,Geometry and Measures,Plans and elevations,exams/questions/gcse/higher/p1/edexcel-1ma1-1h-2019-june-q4.pdf,b890b3b568ab1fef68ab9f91174ad7eb99f9f4c0ddd0bbabb290cebb056e3e3e,PDF text,False
edexcel-1ma1-1h-2019-june-q5,Geometry and Measures,Transformations,Geometry and Measures,Transformations,Geometry and Measures,Transformations | Reflections | Translations,exams/questions/gcse/higher/p1/edexcel-1ma1-1h-2019-june-q5.pdf,bd9acf8adc1753d81a9f7db9c80747bb83ee77500845ab5a46baa617a2427125,PDF text and visual,True
edexcel-1ma1-1h-2019-june-q6,"Ratio, Proportion and Rates of Change",Ratios and sharing,"Ratio, Proportion and Rates of Change",Ratio problem solving,"Ratio, Proportion and Rates of Change",Ratio problem solving,exams/questions/gcse/higher/p1/edexcel-1ma1-1h-2019-june-q6.pdf,bdc6295ac4f39b7b0e93f61e38b7df227d0fff8a7bab0d805fd9dddbb15d7b81,PDF text,True
edexcel-1ma1-1h-2019-june-q7,Geometry and Measures,Area and perimeter,Geometry and Measures,Perimeter,Geometry and Measures,Perimeter,exams/questions/gcse/higher/p1/edexcel-1ma1-1h-2019-june-q7.pdf,0a740a917500a333e5046d4e31f0719b3934a677b7bf420a3afa011cb853af67,PDF text,True
edexcel-1ma1-1h-2019-june-q8,Number,Estimation and index laws,Number,Estimation,Number,Estimation,exams/questions/gcse/higher/p1/edexcel-1ma1-1h-2019-june-q8.pdf,f9e26d64d4ac3dc78fc8760e6fd482cfd23c01f3f934529045a08feeae1cb44f,PDF text,True
edexcel-1ma1-1h-2019-june-q9,Number,Fractions and mixed numbers,Number,Mixed numbers,Number,Mixed numbers,exams/questions/gcse/higher/p1/edexcel-1ma1-1h-2019-june-q9.pdf,44aef2ef39f8e312f2edcb961ca778f0a086bbf48f45f04409185ff59fdb240a,PDF text,True
edexcel-1ma1-1h-2019-june-q10,Algebra,Simultaneous equations,Algebra,Linear simultaneous equations,Algebra,Linear simultaneous equations,exams/questions/gcse/higher/p1/edexcel-1ma1-1h-2019-june-q10.pdf,2fb6c7ac1308a5d19304b5c6d78d9f73a5fc30441bb967caaf4fb436494d8589,PDF text,True
edexcel-1ma1-1h-2019-june-q11,Statistics,Cumulative frequency and quartiles,Statistics,Quartiles and IQR,Statistics,Quartiles and IQR,exams/questions/gcse/higher/p1/edexcel-1ma1-1h-2019-june-q11.pdf,f9603b773184cd6bba682d80216ec1cef085ca148cecfa579bb84f4c6765dc16,PDF text,True
edexcel-1ma1-1h-2019-june-q12,Geometry and Measures,Volume and surface area,Number,Percentage increase and decrease,Number,Percentage increase and decrease,exams/questions/gcse/higher/p1/edexcel-1ma1-1h-2019-june-q12.pdf,b9f04164b2ea52b5993a28af5b88d0e926fd478bf09c300dd82169f7cb6f130e,PDF text,True
edexcel-1ma1-1h-2019-june-q13,Algebra,Algebraic proof,Algebra,Algebraic proof,Algebra,Algebraic proof,exams/questions/gcse/higher/p1/edexcel-1ma1-1h-2019-june-q13.pdf,f7a0297099b971549f58981e3a554af4c9a08fde465b4c2f8a64ff3c7099567b,PDF text,False
edexcel-1ma1-1h-2019-june-q14,Geometry and Measures,Trigonometry,Geometry and Measures,Exact trigonometric values,Geometry and Measures,Exact trigonometric values,exams/questions/gcse/higher/p1/edexcel-1ma1-1h-2019-june-q14.pdf,4f3599781038c40756480865b1ade1d69b52fec07ceb822ab4b53e6bc5030d9e,PDF text and visual,True
edexcel-1ma1-1h-2019-june-q15,Geometry and Measures,Volume and surface area,Geometry and Measures,Volume,Geometry and Measures,Volume,exams/questions/gcse/higher/p1/edexcel-1ma1-1h-2019-june-q15.pdf,68f48d51b8a1b2a0bbc53c75ddd04cc701a20cf2d4108c4c0d0572e9bfd88edb,PDF text,True
edexcel-1ma1-1h-2019-june-q16,Number,Product rule for counting,Probability,Product rule for counting,Probability,Product rule for counting,exams/questions/gcse/higher/p1/edexcel-1ma1-1h-2019-june-q16.pdf,ad720825d0fd77a82a2f431c6cd6fabc19095a0da3e9873d9f3484b452816958,PDF text,True
edexcel-1ma1-1h-2019-june-q17,"Ratio, Proportion and Rates of Change",Ratios and sharing,Algebra,Quadratic equations by factorising,"Algebra | Ratio, Proportion and Rates of Change",Quadratic equations by factorising | Ratio problem solving | Forming equations,exams/questions/gcse/higher/p1/edexcel-1ma1-1h-2019-june-q17.pdf,92bc2576379dc49b3ef801deeacb99533c050d2077e25a44739fd55c656f0e0c,PDF text and visual,True
edexcel-1ma1-1h-2019-june-q18,Number,Surds and rationalising denominators,Number,Rationalising denominators,Number,Rationalising denominators | Simplifying surds,exams/questions/gcse/higher/p1/edexcel-1ma1-1h-2019-june-q18.pdf,25f1a29bd28cdb80283bdd9cfc0c45073522db1b515718c4b8c3baf728038463,PDF text and visual,True
edexcel-1ma1-1h-2019-june-q19,Algebra,Quadratic equations and graphs,Algebra,Completing the square,Algebra,Completing the square,exams/questions/gcse/higher/p1/edexcel-1ma1-1h-2019-june-q19.pdf,178b47d60144b1c3113418b8c3b062f872bf4e07faee8d75a9e6d4f9b33f63da,PDF text,True
edexcel-1ma1-1h-2019-june-q20,"Ratio, Proportion and Rates of Change",Direct and inverse proportion,"Ratio, Proportion and Rates of Change",Proportion equations,"Ratio, Proportion and Rates of Change",Proportion equations,exams/questions/gcse/higher/p1/edexcel-1ma1-1h-2019-june-q20.pdf,8b01e06e58dd42c308066658a4473c7f7a5e0cf2a08defab14ed8a422030572c,PDF text,True
edexcel-1ma1-1h-2019-june-q21,Algebra,Functions and inverse functions,Algebra,Composite functions,Algebra,Composite functions | Inverse functions,exams/questions/gcse/higher/p1/edexcel-1ma1-1h-2019-june-q21.pdf,7e8275acb61e20d4a9b7bb1b0c1ae8734e2d2bc53b692dbfd6a8c54a618baf9e,PDF text,True
edexcel-1ma1-1h-2019-june-q22,Probability,Probability and combined events,Algebra,Forming and solving linear simultaneous equations,Algebra | Probability,Forming and solving linear simultaneous equations | Basic probability,exams/questions/gcse/higher/p1/edexcel-1ma1-1h-2019-june-q22.pdf,06e46c89039770ab8c282c79246f24b05825f9dd7d87d51110d6c99d91a0597f,PDF text,True
edexcel-1ma1-1h-2019-november-q1,Number,"Prime factors, HCF and LCM",Number,HCF and LCM,Number,HCF and LCM,exams/questions/gcse/higher/p1/edexcel-1ma1-1h-2019-november-q1.pdf,87c5222380ae7718c12752ba3c63bcd5077a7931157eb6d846965e3408639784,PDF text,True
edexcel-1ma1-1h-2019-november-q2,"Ratio, Proportion and Rates of Change",Ratios and sharing,"Ratio, Proportion and Rates of Change",Ratio problem solving,"Ratio, Proportion and Rates of Change",Ratio problem solving,exams/questions/gcse/higher/p1/edexcel-1ma1-1h-2019-november-q2.pdf,f89190b1fd1bed69050dd69b5ca11e31229ef56274f34315ad2fb9e3332d4afe,PDF text,True
edexcel-1ma1-1h-2019-november-q3,Number,Fractions and mixed numbers,Number,Mixed numbers,Number,Mixed numbers,exams/questions/gcse/higher/p1/edexcel-1ma1-1h-2019-november-q3.pdf,c9166d9567ee69376595acfbe5314dee4c2d08d2faf5495154903a876cfa1a9b,PDF text,True
edexcel-1ma1-1h-2019-november-q4,Geometry and Measures,Constructions and loci,Geometry and Measures,Constructions,Geometry and Measures,Constructions,exams/questions/gcse/higher/p1/edexcel-1ma1-1h-2019-november-q4.pdf,bb4a273319ed3a56d6e0903ee3fecbbcfb405eb2273db333d93a0f92614d2cdf,PDF text,True
edexcel-1ma1-1h-2019-november-q5,Geometry and Measures,Polygons and angle reasoning,Geometry and Measures,Angle facts,Geometry and Measures,Angle facts,exams/questions/gcse/higher/p1/edexcel-1ma1-1h-2019-november-q5.pdf,9be3be3868ec971db05c284ca7346e369c4b5665c7156bfa0e958e8b3831ebf4,PDF text,True
edexcel-1ma1-1h-2019-november-q6,Statistics,Averages and grouped data,Statistics,Mean,Statistics,Mean,exams/questions/gcse/higher/p1/edexcel-1ma1-1h-2019-november-q6.pdf,6c74410ce3393e1df233b49e31dcf8801fa6a8226fa0c5b38ef570dab20b735a,PDF text,True
edexcel-1ma1-1h-2019-november-q7,Algebra,Simplifying algebraic expressions,Number,Laws of indices,Number,Laws of indices,exams/questions/gcse/higher/p1/edexcel-1ma1-1h-2019-november-q7.pdf,6e57e35603e2de864726c33b835916c021638aaa37207b32c16113db96645c4b,PDF text,True
edexcel-1ma1-1h-2019-november-q8,"Ratio, Proportion and Rates of Change","Speed, distance and time",Geometry and Measures,Bearings,Geometry and Measures,Bearings,exams/questions/gcse/higher/p1/edexcel-1ma1-1h-2019-november-q8.pdf,d04808f7496c501bd3ac56e03c669a5d236d106e3961df9397d7c9e5d666406f,PDF text,True
edexcel-1ma1-1h-2019-november-q9,"Ratio, Proportion and Rates of Change","Speed, distance and time","Ratio, Proportion and Rates of Change",Speed,"Ratio, Proportion and Rates of Change",Speed,exams/questions/gcse/higher/p1/edexcel-1ma1-1h-2019-november-q9.pdf,20a265b8439f9fd8f875c41d95e520405df621816edde842a02747c739989711,PDF text,True
edexcel-1ma1-1h-2019-november-q10,Statistics,Cumulative frequency and quartiles,Statistics,Cumulative frequency,Statistics,Cumulative frequency,exams/questions/gcse/higher/p1/edexcel-1ma1-1h-2019-november-q10.pdf,72e04e5833b3d0d1902139f2880886922db7503b29cf13071b417c63b96fb737,PDF text,True
edexcel-1ma1-1h-2019-november-q11,Probability,Probability and combined events,Statistics,Sampling,Statistics,Sampling,exams/questions/gcse/higher/p1/edexcel-1ma1-1h-2019-november-q11.pdf,749950a2fc28c78f3341347d747d4fbc455461dd1c70c885f64ca2567a0b7bce,PDF text,True
edexcel-1ma1-1h-2019-november-q12,Algebra,Rearranging formulae,Algebra,Rearranging formulae,Algebra,Rearranging formulae,exams/questions/gcse/higher/p1/edexcel-1ma1-1h-2019-november-q12.pdf,ae98f8ad8b7b1746d4078ea8ca59e5996edea9b5bcb3a380361687564b48e5e0,PDF text,False
edexcel-1ma1-1h-2019-november-q13,Algebra,Factorising expressions,Algebra,Algebraic fractions,Algebra,Algebraic fractions,exams/questions/gcse/higher/p1/edexcel-1ma1-1h-2019-november-q13.pdf,82860e8d5a6951589eb0db9d7b3454cad8fb0c71da039903f078087d87250ab1,PDF text,True
edexcel-1ma1-1h-2019-november-q14,Geometry and Measures,Polygons and angle reasoning,Algebra,Quadratic equations by factorising,Algebra | Geometry and Measures,Quadratic equations by factorising | Forming equations | Area,exams/questions/gcse/higher/p1/edexcel-1ma1-1h-2019-november-q14.pdf,e0455ec258759bf3e069fc273bfccce3ccda04c1965ab88fc39ec80c48e82659,PDF text and visual,True
edexcel-1ma1-1h-2019-november-q15,Number,Fractions and mixed numbers,Number,Recurring decimals,Number,Recurring decimals,exams/questions/gcse/higher/p1/edexcel-1ma1-1h-2019-november-q15.pdf,8c01f493fa38900697bd5bf9b95001d8bcd472445f26aa2219e758f95ef08cc4,PDF text and visual,True
edexcel-1ma1-1h-2019-november-q16,Number,Surds and rationalising denominators,Number,Rationalising denominators,Number,Rationalising denominators,exams/questions/gcse/higher/p1/edexcel-1ma1-1h-2019-november-q16.pdf,18014ff657d2daff247a593f1e6cf641eb4249e8680a190701fb3133690ecfcc,PDF text and visual,True
edexcel-1ma1-1h-2019-november-q17,Geometry and Measures,Similar shapes and scale factors,Geometry and Measures,Similarity,Geometry and Measures,Similarity,exams/questions/gcse/higher/p1/edexcel-1ma1-1h-2019-november-q17.pdf,6ea03536762879681173ab02eba753ae48102e7bf98a1e04b713a0a5279e5436,PDF text,True
edexcel-1ma1-1h-2019-november-q18,Algebra,Functions and inverse functions,Algebra,Composite functions,Algebra,Composite functions,exams/questions/gcse/higher/p1/edexcel-1ma1-1h-2019-november-q18.pdf,9d28726871984096dfc949097bd88b038931b5ce331b325535f84089c84293a6,PDF text,True
edexcel-1ma1-1h-2019-november-q19,Number,Index equations,Number,Laws of indices,Number,Laws of indices,exams/questions/gcse/higher/p1/edexcel-1ma1-1h-2019-november-q19.pdf,93636f437d349b3f2a4286c3ed614da002ecff0ac2af45a1c82e1ff0c8e4f526,PDF text and visual,True
edexcel-1ma1-1h-2019-november-q20,Algebra,Graphs and equations,Algebra,Graph transformations,Algebra,Graph transformations,exams/questions/gcse/higher/p1/edexcel-1ma1-1h-2019-november-q20.pdf,523c6d3e94e51f67bf6821400caee6cce371212a3fb2ba8d9277cda0001d6812,PDF text,True
edexcel-1ma1-1h-2019-november-q21,Algebra,Straight-line graphs and equations,Algebra,Quadratic graphs,Algebra,Quadratic graphs,exams/questions/gcse/higher/p1/edexcel-1ma1-1h-2019-november-q21.pdf,8d06278dbafceca55e1ffd204d5193ff4f0403a479420f7c60375488104b3b43,PDF text,True
edexcel-1ma1-1h-2019-november-q22,Algebra,Straight-line graphs and equations,Geometry and Measures,Congruence,Geometry and Measures,Congruence,exams/questions/gcse/higher/p1/edexcel-1ma1-1h-2019-november-q22.pdf,4cf35aab363dcb41821df1cf81bebec834f6fe1192d6deb588e3291a6a8219ac,PDF text,True
edexcel-1ma1-1h-2020-november-q1,Algebra,Sequences and nth terms,Algebra,Arithmetic sequences,Algebra,Arithmetic sequences,exams/questions/gcse/higher/p1/edexcel-1ma1-1h-2020-november-q1.pdf,9a37d8bd642ed5cf7af1158d1c98df1bb8baa56cc5991a32c3e732d4d0cc3eb2,PDF text,True
edexcel-1ma1-1h-2020-november-q2,Number,Fractions and mixed numbers,Number,Mixed numbers,Number,Mixed numbers,exams/questions/gcse/higher/p1/edexcel-1ma1-1h-2020-november-q2.pdf,06c11af98e941d8f055a62a2b2c00d0bc640ad1b34cbf917f851a0782a07cefd,PDF text,True
edexcel-1ma1-1h-2020-november-q3,Algebra,Graphs and equations,Algebra,Recognising graphs,Algebra,Recognising graphs,exams/questions/gcse/higher/p1/edexcel-1ma1-1h-2020-november-q3.pdf,dbddafdad6829cc621edd945ae8f48acb973eda090d4058e7e35717b2b89779f,PDF text,True
edexcel-1ma1-1h-2020-november-q4,Geometry and Measures,Congruent triangles and proof,Geometry and Measures,Congruence,Geometry and Measures,Congruence,exams/questions/gcse/higher/p1/edexcel-1ma1-1h-2020-november-q4.pdf,ade16393d50945e261e900c3dcf491443fd505c150f5025574428f58bef1782b,PDF text,True
edexcel-1ma1-1h-2020-november-q5,"Ratio, Proportion and Rates of Change",Percentages and multipliers,Number,Percentage increase and decrease,Number,Percentage increase and decrease,exams/questions/gcse/higher/p1/edexcel-1ma1-1h-2020-november-q5.pdf,3aa3d8bf2785a68681d065c48495338591aa1c7199e054cfb80fa56fbd399a6f,PDF text,True
edexcel-1ma1-1h-2020-november-q6,Geometry and Measures,Polygons and angle reasoning,Geometry and Measures,Angles in parallel lines,Geometry and Measures,Angles in parallel lines,exams/questions/gcse/higher/p1/edexcel-1ma1-1h-2020-november-q6.pdf,b7b8c6ff2635883a10e54bbebf097842dd4b4f5df59254473cc40bd4fbe4a3ea,PDF text,True
edexcel-1ma1-1h-2020-november-q7,Statistics,Averages and grouped data,Statistics,Stem-and-leaf diagrams,Statistics,Stem-and-leaf diagrams,exams/questions/gcse/higher/p1/edexcel-1ma1-1h-2020-november-q7.pdf,8721ec2d94a57abb5b57013006719f9107dd4849123acfa1b2951ce3f8d3e2f9,PDF text,True
edexcel-1ma1-1h-2020-november-q8,"Ratio, Proportion and Rates of Change",Pressure and force,"Ratio, Proportion and Rates of Change",Pressure,"Ratio, Proportion and Rates of Change",Pressure,exams/questions/gcse/higher/p1/edexcel-1ma1-1h-2020-november-q8.pdf,7ef501ef838966c09a378cbd7e91c094239e814f8745a5be8fd93fe138a8de40,PDF text,True
edexcel-1ma1-1h-2020-november-q9,Number,Standard form,Number,Standard form,Number,Standard form,exams/questions/gcse/higher/p1/edexcel-1ma1-1h-2020-november-q9.pdf,fe83debdc470ea0d4493f21bd08c10c1d145577d70629591d2ca4133751e8f86,PDF text,False
edexcel-1ma1-1h-2020-november-q10,"Ratio, Proportion and Rates of Change",Ratios and sharing,"Ratio, Proportion and Rates of Change",Combining ratios,"Ratio, Proportion and Rates of Change",Combining ratios,exams/questions/gcse/higher/p1/edexcel-1ma1-1h-2020-november-q10.pdf,0cb17cb7e152158d64b5f0a4fffca1d9b1a27adc44909addafc295be314237b7,PDF text,True
edexcel-1ma1-1h-2020-november-q11,Number,"Powers, roots and indices",Number,Laws of indices,Number,Laws of indices,exams/questions/gcse/higher/p1/edexcel-1ma1-1h-2020-november-q11.pdf,4c85b2e8d0d16ae4a34b84bb58abf769ab58f161a46f264c5b26237a998d4f00,PDF text,True
edexcel-1ma1-1h-2020-november-q12,Statistics,Cumulative frequency and quartiles,Statistics,Cumulative frequency,Statistics,Cumulative frequency,exams/questions/gcse/higher/p1/edexcel-1ma1-1h-2020-november-q12.pdf,ed01ee3938a874a1c822649fa76970b74651b2abc8b87691b763c8e1da1c0d20,PDF text,True
edexcel-1ma1-1h-2020-november-q13,"Ratio, Proportion and Rates of Change","Density, mass and volume","Ratio, Proportion and Rates of Change",Density,"Ratio, Proportion and Rates of Change",Density,exams/questions/gcse/higher/p1/edexcel-1ma1-1h-2020-november-q13.pdf,7b8a1af8bcf980317c5efc85897b27aa1a9768cd246cc7a923d8b5f301ef56ce,PDF text,True
edexcel-1ma1-1h-2020-november-q14,Probability,Probability and combined events,Probability,Combined probability,Probability,Combined probability,exams/questions/gcse/higher/p1/edexcel-1ma1-1h-2020-november-q14.pdf,297c962f80edd9c1fa66499e4dec55a529953c9b49f3c1a88ec8540430b07351,PDF text,True
edexcel-1ma1-1h-2020-november-q15,Algebra,Straight-line graphs and equations,Algebra,Parallel and perpendicular lines,Algebra,Parallel and perpendicular lines,exams/questions/gcse/higher/p1/edexcel-1ma1-1h-2020-november-q15.pdf,f275c57cd3cddf21aa1bbd4280dad357a95f653b9e7022bb5982979054924f63,PDF text,True
edexcel-1ma1-1h-2020-november-q16,Statistics,Capture-recapture estimates,Statistics,Capture-recapture,Statistics,Capture-recapture,exams/questions/gcse/higher/p1/edexcel-1ma1-1h-2020-november-q16.pdf,9cccdd9600947b6ada8e76f84cbf981a999fa398484cdf49cafa11dfaf1bb1c2,PDF text,True
edexcel-1ma1-1h-2020-november-q17,Algebra,Rearranging formulae,Algebra,Rearranging formulae,Algebra,Rearranging formulae,exams/questions/gcse/higher/p1/edexcel-1ma1-1h-2020-november-q17.pdf,d022c6f22a54bdfbabfd1748aeb11030f65d0d4d9b1bfe844c66b0f70a34c1c1,PDF text,False
edexcel-1ma1-1h-2020-november-q18,"Ratio, Proportion and Rates of Change",Percentages and multipliers,"Ratio, Proportion and Rates of Change",Direct proportion,"Ratio, Proportion and Rates of Change",Direct proportion,exams/questions/gcse/higher/p1/edexcel-1ma1-1h-2020-november-q18.pdf,f582c27d328efa01bc8a7625bf032a6f4be1579fdabeca0c06d1d0e07c812248,PDF text,True
edexcel-1ma1-1h-2020-november-q19,Algebra,Functions and inverse functions,Algebra,Functions,Algebra,Functions,exams/questions/gcse/higher/p1/edexcel-1ma1-1h-2020-november-q19.pdf,cfc4cace9cdb83a45586c510454827caf2571acab1f84361644fd2543fba1a81,PDF text,True
edexcel-1ma1-1h-2020-november-q20,Number,Surds and rationalising denominators,Number,Rationalising denominators,Number,Rationalising denominators,exams/questions/gcse/higher/p1/edexcel-1ma1-1h-2020-november-q20.pdf,74f5b99d2c53f477babf7980a0a77b6e7d6ec7a8d69f82ea6217eb90f5c328bc,PDF text and visual,True
edexcel-1ma1-1h-2020-november-q21,Geometry and Measures,Vectors and geometric proof,Geometry and Measures,Vector geometry,Geometry and Measures,Vector geometry,exams/questions/gcse/higher/p1/edexcel-1ma1-1h-2020-november-q21.pdf,3d9c2080bd61683e631cda852a9ef10f41f6e12cf76f778644f72a405ce285f5,PDF text,True
edexcel-1ma1-1h-2020-november-q22,Geometry and Measures,Arc length and sector area,Geometry and Measures,Sector area,Geometry and Measures,Sector area,exams/questions/gcse/higher/p1/edexcel-1ma1-1h-2020-november-q22.pdf,0e1189d23fc3a9edc4ebc27c36b8001e2e782c503d1a56f265a7b80a0abda712,PDF text,True
edexcel-1ma1-1h-2020-november-q23,"Ratio, Proportion and Rates of Change",Ratios and sharing,"Ratio, Proportion and Rates of Change",Combining ratios,"Ratio, Proportion and Rates of Change",Combining ratios,exams/questions/gcse/higher/p1/edexcel-1ma1-1h-2020-november-q23.pdf,6ee215a1e4ae89f55c89c06abb03a7b948aa703237344f421d46466389bb7fc1,PDF text,True
edexcel-1ma1-1h-2021-november-q1,Number,Numerical calculations,Number,Four operations,Number,Four operations,exams/questions/gcse/higher/p1/edexcel-1ma1-1h-2021-november-q1.pdf,aeaf049eca96120405e4d060304fa12753a7fd325a89f6b9979f0022bc5da892,PDF text,True
edexcel-1ma1-1h-2021-november-q2,Probability,Venn diagrams and set notation,Probability,Venn diagrams,Probability,Venn diagrams,exams/questions/gcse/higher/p1/edexcel-1ma1-1h-2021-november-q2.pdf,4411939070cf7f6605cc427e83498b348b23ce39f154091d644c4c722710c7e9,PDF text,True
edexcel-1ma1-1h-2021-november-q3,Number,Fractions and mixed numbers,Number,Mixed numbers,Number,Mixed numbers,exams/questions/gcse/higher/p1/edexcel-1ma1-1h-2021-november-q3.pdf,f9bdad89c763c9c022ee3bccf53543cca795ce14e7989d7a41e34ec79e301229,PDF text,True
edexcel-1ma1-1h-2021-november-q4,"Ratio, Proportion and Rates of Change",Percentages and multipliers,Number,Percentage increase and decrease,Number,Percentage increase and decrease,exams/questions/gcse/higher/p1/edexcel-1ma1-1h-2021-november-q4.pdf,794b5bd7de41f7c3259e6e34f51a122bf1b7fb70b364bf084ee5903c55d4c098,PDF text,True
edexcel-1ma1-1h-2021-november-q5,"Ratio, Proportion and Rates of Change",Ratios and sharing,"Ratio, Proportion and Rates of Change",Ratio problem solving,"Ratio, Proportion and Rates of Change",Ratio problem solving,exams/questions/gcse/higher/p1/edexcel-1ma1-1h-2021-november-q5.pdf,841d0681b6279f7de91d49c902ea16363ac7d304ca9d49de0684a56fca9a17ec,PDF text,True
edexcel-1ma1-1h-2021-november-q6,Geometry and Measures,Volume and surface area,Geometry and Measures,Volume,Geometry and Measures,Volume,exams/questions/gcse/higher/p1/edexcel-1ma1-1h-2021-november-q6.pdf,884a7bb2e9376cec711c8ba47136da0c7570595e77a0e3d619413fb79c5ae94b,PDF text,True
edexcel-1ma1-1h-2021-november-q7,Geometry and Measures,Volume and surface area,Geometry and Measures,Surface area,Geometry and Measures,Surface area,exams/questions/gcse/higher/p1/edexcel-1ma1-1h-2021-november-q7.pdf,f9e3fb84cfb1c0f7c8516f7b51778270740b101b58f9272a4c6e34e175734291,PDF text,True
edexcel-1ma1-1h-2021-november-q8,Algebra,Solving equations,Algebra,Quadratic equations by factorising,Algebra,Quadratic equations by factorising,exams/questions/gcse/higher/p1/edexcel-1ma1-1h-2021-november-q8.pdf,821dc439ba5aed453e6a33f7064d1cffd1656a586c7409adb6d77fadb52880b5,PDF text and visual,True
edexcel-1ma1-1h-2021-november-q9,Number,"Powers, roots and indices",Number,Laws of indices,Number,Laws of indices,exams/questions/gcse/higher/p1/edexcel-1ma1-1h-2021-november-q9.pdf,3c36586d7ed2f7db93c5f82cc02d1f01fd05b35f8e45fffaecfa66f35a2217ec,PDF text,True
edexcel-1ma1-1h-2021-november-q10,Geometry and Measures,Area and perimeter,Number,Estimation,Number,Estimation,exams/questions/gcse/higher/p1/edexcel-1ma1-1h-2021-november-q10.pdf,d8080c3bca089c83771bbafb7775cff4187df2c93b75cb9a44ffc3cb5df5d0d8,PDF text,True
edexcel-1ma1-1h-2021-november-q11,Geometry and Measures,Area and perimeter,Algebra,Rearranging formulae,Algebra,Rearranging formulae,exams/questions/gcse/higher/p1/edexcel-1ma1-1h-2021-november-q11.pdf,20a90453ff8f34be0f407bd07af98659d48127029742386a508697aee36472bf,PDF text,True
edexcel-1ma1-1h-2021-november-q12,Statistics,Cumulative frequency and quartiles,Statistics,Cumulative frequency,Statistics,Cumulative frequency,exams/questions/gcse/higher/p1/edexcel-1ma1-1h-2021-november-q12.pdf,dc1d75670b48654e76e2f3ff37996eb5b688e307d2d62be63511daa8e815b43c,PDF text,True
edexcel-1ma1-1h-2021-november-q13,Number,Fractions and mixed numbers,Number,Recurring decimals,Number,Recurring decimals,exams/questions/gcse/higher/p1/edexcel-1ma1-1h-2021-november-q13.pdf,0536978abdc950850b948592cc0c9b424188829957f12733b9f519fba3aae3a1,PDF text,True
edexcel-1ma1-1h-2021-november-q14,Geometry and Measures,Area and perimeter,Algebra,Expanding and simplifying,Algebra | Geometry and Measures,Expanding and simplifying | Area | Expanding two brackets,exams/questions/gcse/higher/p1/edexcel-1ma1-1h-2021-november-q14.pdf,296c4429b9a481b64b8f1e03460dbce122cf86addd63d4672579ba604ad2c2a1,PDF text,True
edexcel-1ma1-1h-2021-november-q15,Algebra,Algebraic fractions,Algebra,Algebraic fractions,Algebra,Algebraic fractions,exams/questions/gcse/higher/p1/edexcel-1ma1-1h-2021-november-q15.pdf,88c820fa80de41d3de141c4bbf666c16c0d58b73402cf5589fdff789a1a5362e,PDF text,False
edexcel-1ma1-1h-2021-november-q16,Probability,Probability and combined events,Probability,Probability without replacement,Probability,Probability without replacement,exams/questions/gcse/higher/p1/edexcel-1ma1-1h-2021-november-q16.pdf,051e092236f517878489aa2a23d110fa5ae150c9fe7d694c9146b18672b83d15,PDF text,True
edexcel-1ma1-1h-2021-november-q17,Algebra,Algebraic inequalities,Algebra,Linear inequalities,Algebra,Linear inequalities,exams/questions/gcse/higher/p1/edexcel-1ma1-1h-2021-november-q17.pdf,7c79b51988fa3f6e01160db142c6359f49ded494a74efed2176f5bc46a5db228,PDF text,True
edexcel-1ma1-1h-2021-november-q18,Geometry and Measures,Area and perimeter,Geometry and Measures,Right-angled trigonometry,Geometry and Measures,Right-angled trigonometry,exams/questions/gcse/higher/p1/edexcel-1ma1-1h-2021-november-q18.pdf,66914698b50a193aeace803e2ae5f93f18d836db381c51f37e4a266e7825d5d7,PDF text,True
edexcel-1ma1-1h-2021-november-q19,Number,Surds and rationalising denominators,Number,Rationalising denominators,Number,Rationalising denominators,exams/questions/gcse/higher/p1/edexcel-1ma1-1h-2021-november-q19.pdf,58e80073b2657d18ec54697bc21994060458204b8da8df3121a88f2168b48ccf,PDF text and visual,True
edexcel-1ma1-1h-2021-november-q20,Algebra,Simultaneous equations,Algebra,Simultaneous equations with a quadratic,Algebra,Simultaneous equations with a quadratic,exams/questions/gcse/higher/p1/edexcel-1ma1-1h-2021-november-q20.pdf,22a5e0347e3b4360caca5b2bcc81c8eb4aa9fe55eb42655dc08810de2ee76e26,PDF text and visual,True
edexcel-1ma1-1h-2021-november-q21,Algebra,Functions and inverse functions,Algebra,Inverse functions,Algebra,Inverse functions,exams/questions/gcse/higher/p1/edexcel-1ma1-1h-2021-november-q21.pdf,d7fa456d024b4827b018473686f41cd8696d77a37f3f365a0b2d9c8c8faef2d0,PDF text,True
edexcel-1ma1-1h-2021-november-q22,Algebra,Quadratic equations and graphs,Algebra,Quadratic graphs,Algebra,Quadratic graphs,exams/questions/gcse/higher/p1/edexcel-1ma1-1h-2021-november-q22.pdf,cc900d2f83b29d0bfddb0b36a5176073f876a3e8621fabf60e76138b91b95db1,PDF text,True
edexcel-1ma1-1h-2022-june-q1,Algebra,Solving equations,Algebra,Linear inequalities,Algebra,Linear inequalities,exams/questions/gcse/higher/p1/edexcel-1ma1-1h-2022-june-q1.pdf,71d10703ff264a41987fe283dda5fce8b57054a6f015357524364eed9fbf59b8,PDF text,True
edexcel-1ma1-1h-2022-june-q2,Number,"Prime factors, HCF and LCM",Number,Prime factors,Number,Prime factors,exams/questions/gcse/higher/p1/edexcel-1ma1-1h-2022-june-q2.pdf,cb59ac393c56fe8fdeb72b03cde000788f30b0bec29136ed3b58fdb9ef43477e,PDF text,True
edexcel-1ma1-1h-2022-june-q3,"Ratio, Proportion and Rates of Change",Percentages and multipliers,"Ratio, Proportion and Rates of Change",Sharing in a ratio,"Ratio, Proportion and Rates of Change",Sharing in a ratio,exams/questions/gcse/higher/p1/edexcel-1ma1-1h-2022-june-q3.pdf,fc1b293bd06c46edd172c82fa1a4e16e119ad8734a69a7789489d492194aa9fd,PDF text,True
edexcel-1ma1-1h-2022-june-q4,Number,Standard form,Number,Standard form calculations,Number,Standard form calculations,exams/questions/gcse/higher/p1/edexcel-1ma1-1h-2022-june-q4.pdf,caa3d867c613a132f1e29ba1d1b658f472ba355c03c9ec05d22a0b5010fe5585,PDF text,True
edexcel-1ma1-1h-2022-june-q5,Geometry and Measures,Polygons and angle reasoning,Geometry and Measures,Angles in polygons,Geometry and Measures,Angles in polygons,exams/questions/gcse/higher/p1/edexcel-1ma1-1h-2022-june-q5.pdf,48198a97ee0e621221f445b2b13a1fd01eb3ce8203e26ce01510d1eee6e33d39,PDF text,True
edexcel-1ma1-1h-2022-june-q6,Algebra,Quadratic graphs and graphical solutions,Algebra,Quadratic graphs,Algebra,Quadratic graphs,exams/questions/gcse/higher/p1/edexcel-1ma1-1h-2022-june-q6.pdf,9f9c6754ca5f1cb55a750bac292244a839f5f852fb368ba1490c910ad45a9707,PDF text,True
edexcel-1ma1-1h-2022-june-q7,"Ratio, Proportion and Rates of Change","Density, mass and volume","Ratio, Proportion and Rates of Change",Density,"Ratio, Proportion and Rates of Change",Density,exams/questions/gcse/higher/p1/edexcel-1ma1-1h-2022-june-q7.pdf,658cc648fcdf066245cd5eaa2946ba522baba0f23a3c44146930c2d8624261a9,PDF text,True
edexcel-1ma1-1h-2022-june-q8,Statistics,Averages and grouped data,Statistics,Estimated mean,Statistics,Estimated mean,exams/questions/gcse/higher/p1/edexcel-1ma1-1h-2022-june-q8.pdf,79c81dd84f0a8184a50a6a55968ee9f16ead699d3dbd1db3988c591f7d7fb30b,PDF text,True
edexcel-1ma1-1h-2022-june-q9,Geometry and Measures,Volume and surface area,Geometry and Measures,Surface area,Geometry and Measures,Surface area,exams/questions/gcse/higher/p1/edexcel-1ma1-1h-2022-june-q9.pdf,70990e6e4ad6cef09db1caa07d865d250f3a604868048a7f08a46fb3df9b8d8c,PDF text,True
edexcel-1ma1-1h-2022-june-q10,Statistics,Cumulative frequency and quartiles,Statistics,Cumulative frequency,Statistics,Cumulative frequency,exams/questions/gcse/higher/p1/edexcel-1ma1-1h-2022-june-q10.pdf,57c52331eea6ea07ad3e4bfda739856275f4fc3908f623da204a4b1374f9a43b,PDF text,True
edexcel-1ma1-1h-2022-june-q11,Probability,Probability and combined events,Probability,Basic probability,Probability,Basic probability,exams/questions/gcse/higher/p1/edexcel-1ma1-1h-2022-june-q11.pdf,1664383722fecc0ca9d3ba7d4f8b615071f17358a220df51ce18572a6d1b3902,PDF text,True
edexcel-1ma1-1h-2022-june-q12,Number,Fractions and mixed numbers,Number,Recurring decimals,Number,Recurring decimals,exams/questions/gcse/higher/p1/edexcel-1ma1-1h-2022-june-q12.pdf,6964ad56e9437f61a658864aab3f8d294aa899494273991d0c96affb101946f4,PDF text,True
edexcel-1ma1-1h-2022-june-q13,Geometry and Measures,Circle theorems,Geometry and Measures,Pythagoras,Geometry and Measures,Pythagoras,exams/questions/gcse/higher/p1/edexcel-1ma1-1h-2022-june-q13.pdf,16f4e25cfba8364e40112109c3cde040288f1976e8d29e4b2d910be2cc34aa10,PDF text,True
edexcel-1ma1-1h-2022-june-q14,"Ratio, Proportion and Rates of Change","Speed, distance and time","Ratio, Proportion and Rates of Change",Velocity-time graphs,"Ratio, Proportion and Rates of Change",Velocity-time graphs,exams/questions/gcse/higher/p1/edexcel-1ma1-1h-2022-june-q14.pdf,8675e96f00d4c16bc0bb20d668c82286c60f4661c9baee84bc509b3b0bb26b2b,PDF text,True
edexcel-1ma1-1h-2022-june-q15,Geometry and Measures,Vectors and geometric proof,Geometry and Measures,Vector geometry,Geometry and Measures,Vector geometry,exams/questions/gcse/higher/p1/edexcel-1ma1-1h-2022-june-q15.pdf,35cbf6a530bb7ea8cf23f1232a7b92cc3fcbad12f67e66082205aa06f9d04fe3,PDF text,True
edexcel-1ma1-1h-2022-june-q16,Probability,Probability and combined events,Probability,Independent events,Probability,Independent events,exams/questions/gcse/higher/p1/edexcel-1ma1-1h-2022-june-q16.pdf,4b9a14406e78a2b2f5bedbafd44c6a031032f4c7b94fe0957f84e3112710ebe5,PDF text,True
edexcel-1ma1-1h-2022-june-q17,"Ratio, Proportion and Rates of Change",Direct and inverse proportion,"Ratio, Proportion and Rates of Change",Proportion equations,"Ratio, Proportion and Rates of Change",Proportion equations,exams/questions/gcse/higher/p1/edexcel-1ma1-1h-2022-june-q17.pdf,ced2f2b7f28cb844d61f9d5db30fa2258a15295fb1e541e6ac69ee83a0f799ec,PDF text,True
edexcel-1ma1-1h-2022-june-q18,Number,"Powers, roots and indices",Number,Negative indices,Number,Negative indices | Mixed numbers,exams/questions/gcse/higher/p1/edexcel-1ma1-1h-2022-june-q18.pdf,2d1fdd415f9047f943da80dc01cae7cf29472568c8052be686955f27333eb008,PDF text and visual,True
edexcel-1ma1-1h-2022-june-q19,Algebra,Solving equations,Algebra,Quadratic formula,Algebra,Quadratic formula | Algebraic fractions,exams/questions/gcse/higher/p1/edexcel-1ma1-1h-2022-june-q19.pdf,7eb25a95ad2d310a36fbfafc97622040bd5a08d4520fcb27f7768615901886a8,PDF text and visual,True
edexcel-1ma1-1h-2022-june-q20,Geometry and Measures,Circle theorems,Algebra,Parallel and perpendicular lines,Algebra,Parallel and perpendicular lines,exams/questions/gcse/higher/p1/edexcel-1ma1-1h-2022-june-q20.pdf,91c102e096738e3916407290eb4130312f04ec7b8dcb534c6161dba1c538af90,PDF text,True
edexcel-1ma1-1h-2022-june-q21,Geometry and Measures,Area and perimeter,Geometry and Measures,Sector area,Geometry and Measures,Sector area,exams/questions/gcse/higher/p1/edexcel-1ma1-1h-2022-june-q21.pdf,e0e5291df4b906bdad6dda79c8c60abafd34e975b15a995f604cec1dce158179,PDF text,True
edexcel-1ma1-1h-2022-november-q1,Number,"Prime factors, HCF and LCM",Number,Prime factors,Number,Prime factors,exams/questions/gcse/higher/p1/edexcel-1ma1-1h-2022-november-q1.pdf,13ccff86cfff88aab29d695f194153c738bf0869447261e35014f16974281554,PDF text,True
edexcel-1ma1-1h-2022-november-q2,Number,Fractions and mixed numbers,Number,Mixed numbers,Number,Mixed numbers,exams/questions/gcse/higher/p1/edexcel-1ma1-1h-2022-november-q2.pdf,5e70b710dff102f7f1c2125b1bba9edba2772876ea8aaa0fe1d8ef938bdd78b0,PDF text,True
edexcel-1ma1-1h-2022-november-q3,Number,"Powers, roots and indices",Number,Laws of indices,Number,Laws of indices,exams/questions/gcse/higher/p1/edexcel-1ma1-1h-2022-november-q3.pdf,24f5bfd320bdef076d0827bf273ea5e7a9d8c0f3d3593ed690efed9ea49da434,PDF text,True
edexcel-1ma1-1h-2022-november-q4,Number,Numerical calculations,Number,Four operations,Number,Four operations,exams/questions/gcse/higher/p1/edexcel-1ma1-1h-2022-november-q4.pdf,8ec92d85a707dfe1aa610a586353e809dcecb989875f65e0e58f841890ef6f7a,PDF text,True
edexcel-1ma1-1h-2022-november-q5,Statistics,Using samples to estimate populations,Statistics,Sampling,Statistics,Sampling,exams/questions/gcse/higher/p1/edexcel-1ma1-1h-2022-november-q5.pdf,1d4ebac9565178eed00bacb6e54ea3fbb8b1242190e9a07d23302300e89faa01,PDF text,True
edexcel-1ma1-1h-2022-november-q6,"Ratio, Proportion and Rates of Change",Ratios and sharing,"Ratio, Proportion and Rates of Change",Combining ratios,"Ratio, Proportion and Rates of Change",Combining ratios,exams/questions/gcse/higher/p1/edexcel-1ma1-1h-2022-november-q6.pdf,b070bc9fbc5436096d8eb49c7b9c74189bce9c50fe6b9cc4387aae0ad800dfe2,PDF text,True
edexcel-1ma1-1h-2022-november-q7,"Ratio, Proportion and Rates of Change",Pressure and force,"Ratio, Proportion and Rates of Change",Pressure,"Ratio, Proportion and Rates of Change",Pressure,exams/questions/gcse/higher/p1/edexcel-1ma1-1h-2022-november-q7.pdf,1fd5a3c8be1f5f9dff5b158435fe131b193f812c6f7342dc38e3bb26a8935c7f,PDF text,True
edexcel-1ma1-1h-2022-november-q8,Number,"Prime factors, HCF and LCM",Number,HCF and LCM,Number,HCF and LCM,exams/questions/gcse/higher/p1/edexcel-1ma1-1h-2022-november-q8.pdf,36f1a4b0951b6890865f6e94e921199c2d1db5dc42a5b6a235ee807c3275f346,PDF text,True
edexcel-1ma1-1h-2022-november-q9,Algebra,Graphs and equations,Algebra,Cubic graphs,Algebra,Cubic graphs,exams/questions/gcse/higher/p1/edexcel-1ma1-1h-2022-november-q9.pdf,a95e4210d3768474ce975fe7826dff84e94ebeb783c68a6a7245332bdfd8a1af,PDF text,True
edexcel-1ma1-1h-2022-november-q10,Probability,Probability and combined events,Probability,Relative frequency,Probability,Relative frequency,exams/questions/gcse/higher/p1/edexcel-1ma1-1h-2022-november-q10.pdf,7e70d40467f60e2f210525127f4b56e36a33d41786f4ff49302c14e05851487e,PDF text,True
edexcel-1ma1-1h-2022-november-q11,Geometry and Measures,Transformations,Geometry and Measures,Enlargements,Geometry and Measures,Enlargements,exams/questions/gcse/higher/p1/edexcel-1ma1-1h-2022-november-q11.pdf,24673a90cda7b059bbb4242e581c436ca2f8fe8474b97d1a32a1f4383fcbb111,PDF text and visual,True
edexcel-1ma1-1h-2022-november-q12,Algebra,Simultaneous equations,Algebra,Linear simultaneous equations,Algebra,Linear simultaneous equations,exams/questions/gcse/higher/p1/edexcel-1ma1-1h-2022-november-q12.pdf,092ac2d99d766c0127314ac984c1bf4e4d24eb6aae7968256f911ef610d3bdf3,PDF text,True
edexcel-1ma1-1h-2022-november-q13,"Ratio, Proportion and Rates of Change",Direct and inverse proportion,"Ratio, Proportion and Rates of Change",Inverse proportion,"Ratio, Proportion and Rates of Change",Inverse proportion,exams/questions/gcse/higher/p1/edexcel-1ma1-1h-2022-november-q13.pdf,42d664ac5b4c0c28620decc4e4fa6b063b0303b0bcb945c3c0860dae86638135,PDF text,True
edexcel-1ma1-1h-2022-november-q14,Statistics,Histograms,Statistics,Histograms,Statistics,Histograms,exams/questions/gcse/higher/p1/edexcel-1ma1-1h-2022-november-q14.pdf,5bca64303aca58ecf7534bbaec623c500f89fe4d6fcc3500f2dd903da6ecf218,PDF text,False
edexcel-1ma1-1h-2022-november-q15,Geometry and Measures,Arc length and sector area,Geometry and Measures,Arc length,Geometry and Measures,Arc length,exams/questions/gcse/higher/p1/edexcel-1ma1-1h-2022-november-q15.pdf,6867aacc00d1b02e420f2fdb180b2e0785e7438e13fc2b8d59b3db62d66068fa,PDF text,True
edexcel-1ma1-1h-2022-november-q16,Algebra,Algebraic proof,Algebra,Algebraic proof,Algebra,Algebraic proof,exams/questions/gcse/higher/p1/edexcel-1ma1-1h-2022-november-q16.pdf,1446ef60ff4d0226621bc584b1ad9bf884361ba7c1196bbed7f38aa9a575edf9,PDF text,False
edexcel-1ma1-1h-2022-november-q17,Number,"Powers, roots and indices",Number,Fractional indices,Number,Fractional indices,exams/questions/gcse/higher/p1/edexcel-1ma1-1h-2022-november-q17.pdf,5031dda10e1efeef3fe06d4c020f02dbf0af97bc52b833b0057629844bda6fae,PDF text and visual,True
edexcel-1ma1-1h-2022-november-q18,Geometry and Measures,Circle theorems,Geometry and Measures,Circle theorems,Geometry and Measures,Circle theorems,exams/questions/gcse/higher/p1/edexcel-1ma1-1h-2022-november-q18.pdf,4737f1c0e6f3119d25b757166066f65f96d9b03af8b5841c8e36898612ee5a1a,PDF text,False
edexcel-1ma1-1h-2022-november-q19,Algebra,Solving equations,Algebra,Quadratic formula,Algebra,Quadratic formula | Algebraic fractions,exams/questions/gcse/higher/p1/edexcel-1ma1-1h-2022-november-q19.pdf,3c616af785f42232df41581bdcabee858bd405c7676b4e71b091fef92949d749,PDF text and visual,True
edexcel-1ma1-1h-2022-november-q20,Probability,Probability and combined events,Probability,Probability without replacement,Probability,Probability without replacement,exams/questions/gcse/higher/p1/edexcel-1ma1-1h-2022-november-q20.pdf,d3a13b8ed49f9e4f9d3e69baf24cac3021efcc4e20eb4f204ee35ce108d7853a,PDF text,True
edexcel-1ma1-1h-2022-november-q21,Geometry and Measures,Trigonometry,Geometry and Measures,Trigonometric graphs,Geometry and Measures,Trigonometric graphs,exams/questions/gcse/higher/p1/edexcel-1ma1-1h-2022-november-q21.pdf,fbacaf990d570f1593f7e75ad37bc4b63b38363d1fcb17fe99ae7e225fe5a91c,PDF text,True
edexcel-1ma1-1h-2022-november-q22,Geometry and Measures,Trigonometry,Geometry and Measures,Sine rule,Geometry and Measures,Sine rule,exams/questions/gcse/higher/p1/edexcel-1ma1-1h-2022-november-q22.pdf,f220612e6a8ee478dd13a165cacfd4d533beeacc6aec987ab4ec326e8e176615,PDF text and visual,True
edexcel-1ma1-1h-2022-november-q23,Algebra,Sequences and nth terms,Algebra,Geometric sequences,Algebra,Geometric sequences,exams/questions/gcse/higher/p1/edexcel-1ma1-1h-2022-november-q23.pdf,2dea975258e8882c4cd18b31164ae196ad93884b86c9c2dc0c300b7b439e840f,PDF text,True
edexcel-1ma1-1h-2022-november-q24,Geometry and Measures,Volume and surface area,Geometry and Measures,Volume,Geometry and Measures,Volume,exams/questions/gcse/higher/p1/edexcel-1ma1-1h-2022-november-q24.pdf,e5f31dde2a073568efcdd582b9496dfab54f408e67447c64247481303b95b458,PDF text,True
edexcel-1ma1-1h-2023-june-q1,Number,Numerical calculations,Number,Four operations,Number,Four operations,exams/questions/gcse/higher/p1/edexcel-1ma1-1h-2023-june-q1.pdf,34ee03af0997da43fd84024fe6e32e3f9899757d23ded8b0d4dd56629afe5fa5,PDF text,True
edexcel-1ma1-1h-2023-june-q2,Number,Fractions and mixed numbers,Number,Mixed numbers,Number,Mixed numbers,exams/questions/gcse/higher/p1/edexcel-1ma1-1h-2023-june-q2.pdf,3b4355ca69c096eb545c1bfe07e29af27e508d9de2d6a5a12480634041c69bc7,PDF text,True
edexcel-1ma1-1h-2023-june-q3,Geometry and Measures,Volume and surface area,Geometry and Measures,Volume,Geometry and Measures,Volume,exams/questions/gcse/higher/p1/edexcel-1ma1-1h-2023-june-q3.pdf,f3dbd87497c90a120d072db72f130ef8905fcc92236c5d12e42dcda07744955c,PDF text,True
edexcel-1ma1-1h-2023-june-q4,Statistics,Averages and grouped data,Statistics,Frequency polygons,Statistics,Frequency polygons,exams/questions/gcse/higher/p1/edexcel-1ma1-1h-2023-june-q4.pdf,15067fabe04162967bc5b6b8446c0ccf88708cb20de5c08a46bc31a30b44836d,PDF text,True
edexcel-1ma1-1h-2023-june-q5,Probability,Venn diagrams and set notation,Probability,Venn diagrams,Probability,Venn diagrams,exams/questions/gcse/higher/p1/edexcel-1ma1-1h-2023-june-q5.pdf,f42deb4af9d8b47f66ce179498f144d30f870a6962652d0f4f6356bb2e58bd45,PDF text,True
edexcel-1ma1-1h-2023-june-q6,Statistics,Scatter graphs and correlation,Statistics,Scatter graphs,Statistics,Scatter graphs,exams/questions/gcse/higher/p1/edexcel-1ma1-1h-2023-june-q6.pdf,3d36cd313d593f96f0ed88ade826edf612766a015dd005d29b23c586becf1819,PDF text,True
edexcel-1ma1-1h-2023-june-q7,"Ratio, Proportion and Rates of Change",Percentages and multipliers,Number,Reverse percentages,Number,Reverse percentages,exams/questions/gcse/higher/p1/edexcel-1ma1-1h-2023-june-q7.pdf,467f49f3890c74cdba4db41afa9941ee63cc97a7ea229ff15791529618a41eff,PDF text,True
edexcel-1ma1-1h-2023-june-q8,"Ratio, Proportion and Rates of Change",Pressure and force,"Ratio, Proportion and Rates of Change",Pressure,"Ratio, Proportion and Rates of Change",Pressure,exams/questions/gcse/higher/p1/edexcel-1ma1-1h-2023-june-q8.pdf,c962fca16bd2ff4bcc4701e084ab82af63b9e38efa47b14c68f8027932c17c50,PDF text,True
edexcel-1ma1-1h-2023-june-q9,Algebra,Simultaneous equations,Algebra,Linear simultaneous equations,Algebra,Linear simultaneous equations,exams/questions/gcse/higher/p1/edexcel-1ma1-1h-2023-june-q9.pdf,5d01c9ea6b552f005dc494d48c29a9ac3c143063f5330a0ce64fded0dee0e8eb,PDF text,True
edexcel-1ma1-1h-2023-june-q10,Geometry and Measures,Polygons and angle reasoning,Geometry and Measures,Angles in polygons,Geometry and Measures,Angles in polygons,exams/questions/gcse/higher/p1/edexcel-1ma1-1h-2023-june-q10.pdf,e3c5c08d49ac3822f934230ff9594bc3a90027fb655dfadb0be26d74aee6f065,PDF text,True
edexcel-1ma1-1h-2023-june-q11,Algebra,Simplifying expressions using index laws,Number,Laws of indices,Number,Laws of indices,exams/questions/gcse/higher/p1/edexcel-1ma1-1h-2023-june-q11.pdf,565cdb076705f71124bed0b842970399f171e2024b722b5e408ddf977b88ce71,PDF text,True
edexcel-1ma1-1h-2023-june-q12,Probability,Tree diagrams and conditional probability,Probability,Tree diagrams,Probability,Tree diagrams,exams/questions/gcse/higher/p1/edexcel-1ma1-1h-2023-june-q12.pdf,9ab3a43bcbacc49ccab9c6ad08f7e112d7928219100dcd1e2b2ebacfff21d7e7,PDF text,True
edexcel-1ma1-1h-2023-june-q13,"Ratio, Proportion and Rates of Change",Direct and inverse proportion,"Ratio, Proportion and Rates of Change",Direct proportion,"Ratio, Proportion and Rates of Change",Direct proportion,exams/questions/gcse/higher/p1/edexcel-1ma1-1h-2023-june-q13.pdf,0bf07a58e9b658206164c57094fd129fd84962f5b974b238a2a262a2a740ebed,PDF text,True
edexcel-1ma1-1h-2023-june-q14,Number,"Powers, roots and indices",Number,Fractional indices,Number,Fractional indices | Negative indices,exams/questions/gcse/higher/p1/edexcel-1ma1-1h-2023-june-q14.pdf,8a7b1a39ff3ca484c1f5ff372c9b83d36c42bbcf2710ad3088b0cf510a3d9c4e,PDF text and visual,True
edexcel-1ma1-1h-2023-june-q15,Algebra,Straight-line graphs and equations,Algebra,Parallel and perpendicular lines,Algebra,Parallel and perpendicular lines,exams/questions/gcse/higher/p1/edexcel-1ma1-1h-2023-june-q15.pdf,fce42457cd138871c57f554bcd967da5b1ddcc3a09252a6f3cf7d07f1f3cfc9e,PDF text,True
edexcel-1ma1-1h-2023-june-q16,Geometry and Measures,Volume and surface area,Geometry and Measures,Surface area,Geometry and Measures,Surface area,exams/questions/gcse/higher/p1/edexcel-1ma1-1h-2023-june-q16.pdf,1b172e9643c9e784ddbdb963a5d3882f0612682d921aedc27c690f109df70643,PDF text,True
edexcel-1ma1-1h-2023-june-q17,Algebra,Rearranging formulae,Algebra,Rearranging formulae,Algebra,Rearranging formulae,exams/questions/gcse/higher/p1/edexcel-1ma1-1h-2023-june-q17.pdf,7413cb6b277a94df1a1b798bece8587f2bfc9d46f92d8b3f81b67513de473c6f,PDF text,False
edexcel-1ma1-1h-2023-june-q18,"Ratio, Proportion and Rates of Change",Ratios and sharing,"Ratio, Proportion and Rates of Change",Ratio problem solving,"Ratio, Proportion and Rates of Change",Ratio problem solving,exams/questions/gcse/higher/p1/edexcel-1ma1-1h-2023-june-q18.pdf,1556d03735be80ceff859161e92d154041328d71c18e7f2274023527fc938338,PDF text,True
edexcel-1ma1-1h-2023-june-q19,Number,Product rule for counting,Probability,Product rule for counting,Probability,Product rule for counting,exams/questions/gcse/higher/p1/edexcel-1ma1-1h-2023-june-q19.pdf,4928903f79efba7b711463e7b39ded24516a096fc536f50cfe0219fae5f9b19e,PDF text,True
edexcel-1ma1-1h-2023-june-q20,Algebra,Functions and inverse functions,Algebra,Composite functions,Algebra,Composite functions,exams/questions/gcse/higher/p1/edexcel-1ma1-1h-2023-june-q20.pdf,2a2781b60dec6fa0c8f72a034fbbf3f30cc1e91152df640e7d22bff0dca4bddc,PDF text,True
edexcel-1ma1-1h-2023-june-q21,Geometry and Measures,Circle theorems,Geometry and Measures,Circle theorems,Geometry and Measures,Circle theorems,exams/questions/gcse/higher/p1/edexcel-1ma1-1h-2023-june-q21.pdf,78ca42b1447bef8d0e71ca46e905521b5e932131cfe25b7039f93f3c043301af,PDF text,False
edexcel-1ma1-1h-2023-june-q22,Geometry and Measures,Volume and surface area,Geometry and Measures,Right-angled trigonometry,Geometry and Measures,Right-angled trigonometry,exams/questions/gcse/higher/p1/edexcel-1ma1-1h-2023-june-q22.pdf,fa1afbb36fa9fa7b972c7118504eba33674d1918085dfc306a19f4ef109fca07,PDF text,True
edexcel-1ma1-1h-2023-june-q23,Number,Surds and rationalising denominators,Number,Rationalising denominators,Number,Rationalising denominators,exams/questions/gcse/higher/p1/edexcel-1ma1-1h-2023-june-q23.pdf,f38b6ddb2fc8fc4f2ae4f8a1f420d34f3e36d4fb9a2b35d2ad3719ee65537d40,PDF text and visual,True
edexcel-1ma1-1h-2023-june-q24,Algebra,Quadratic inequalities,Algebra,Quadratic inequalities,Algebra,Quadratic inequalities,exams/questions/gcse/higher/p1/edexcel-1ma1-1h-2023-june-q24.pdf,3dd1c33b3bffd0a9c5ebcf19da199c17c20ea98abc254e92bbc2f1a49cc1f82f,PDF text,False
edexcel-1ma1-1h-2023-november-q1,Number,Numerical calculations,Number,Four operations,Number,Four operations,exams/questions/gcse/higher/p1/edexcel-1ma1-1h-2023-november-q1.pdf,566d72544ecbc4c81fb98f9a8cc545ca6fcf585cf1b1a52eb50f7006bdb8943d,PDF text,True
edexcel-1ma1-1h-2023-november-q2,Number,"Powers, roots and indices",Number,Laws of indices,Number,Laws of indices,exams/questions/gcse/higher/p1/edexcel-1ma1-1h-2023-november-q2.pdf,54c221199711db99add983520449477fcda86cdc0e6175a52475edbb1da51c18,PDF text,True
edexcel-1ma1-1h-2023-november-q3,Number,"Prime factors, HCF and LCM",Number,HCF and LCM,Number,HCF and LCM,exams/questions/gcse/higher/p1/edexcel-1ma1-1h-2023-november-q3.pdf,2c6fd04992a33f8b21f04fec9c0949900da299b13e70f6275ad8b91a3ce70ea4,PDF text,True
edexcel-1ma1-1h-2023-november-q4,Statistics,Averages and grouped data,Statistics,Mean,Statistics,Mean,exams/questions/gcse/higher/p1/edexcel-1ma1-1h-2023-november-q4.pdf,d1dcc93f13540eb36882474669b9d3227138f8fa14105c28d098e3b5fd0c4ceb,PDF text,True
edexcel-1ma1-1h-2023-november-q5,Geometry and Measures,Constructions and loci,Geometry and Measures,Constructions,Geometry and Measures,Constructions,exams/questions/gcse/higher/p1/edexcel-1ma1-1h-2023-november-q5.pdf,58b565de1714b396c0aa0b48f4ba3b52687fc97ef79501efd141c688dcd76302,PDF text,True
edexcel-1ma1-1h-2023-november-q6,Algebra,Straight-line graphs and equations,Geometry and Measures,Angle facts,Geometry and Measures,Angle facts,exams/questions/gcse/higher/p1/edexcel-1ma1-1h-2023-november-q6.pdf,0012c2f79990ae5518f8be40ae34c0d83b9fef2fc87d97242db09f3d533a7cfb,PDF text,True
edexcel-1ma1-1h-2023-november-q7,Algebra,Forming and solving equations,Algebra,Forming equations,Algebra,Forming equations,exams/questions/gcse/higher/p1/edexcel-1ma1-1h-2023-november-q7.pdf,877bb931e5671fa29919006455866ebe44806ed92545bc00ad11917ed2f3273c,PDF text,True
edexcel-1ma1-1h-2023-november-q8,"Ratio, Proportion and Rates of Change",Percentages and multipliers,Number,Reverse percentages,Number,Reverse percentages,exams/questions/gcse/higher/p1/edexcel-1ma1-1h-2023-november-q8.pdf,d133e730f8463d5fcbd1ac1c89f89c7a4949276893f933fd6cb5361aab9430ca,PDF text,True
edexcel-1ma1-1h-2023-november-q9,Algebra,Straight-line graphs and equations,Algebra,Linear graphs,Algebra,Linear graphs,exams/questions/gcse/higher/p1/edexcel-1ma1-1h-2023-november-q9.pdf,3a63a6caf748bd1357158e3b6d896da6ee3eb9ee2ca43a558085368495b73faf,PDF text,True
edexcel-1ma1-1h-2023-november-q10,Geometry and Measures,Area and perimeter,Geometry and Measures,Area,Geometry and Measures,Area,exams/questions/gcse/higher/p1/edexcel-1ma1-1h-2023-november-q10.pdf,f976137cd2b3a9c1a9a3a87f1b44c46da4ece3d16477dc75fdf34cff19e33ed0,PDF text,True
edexcel-1ma1-1h-2023-november-q11,Statistics,Cumulative frequency and quartiles,Statistics,Box plots,Statistics,Box plots,exams/questions/gcse/higher/p1/edexcel-1ma1-1h-2023-november-q11.pdf,c9bd5f3c6d0acbd47f6871acc71662b7f2ea513e2f4a093efa21f637ed09d43d,PDF text,True
edexcel-1ma1-1h-2023-november-q12,Algebra,Straight-line graphs and equations,Algebra,Parallel and perpendicular lines,Algebra,Parallel and perpendicular lines,exams/questions/gcse/higher/p1/edexcel-1ma1-1h-2023-november-q12.pdf,0711bac6015640c1f15c322855fc8e151564f97200343cb26fc5421218db97d8,PDF text,True
edexcel-1ma1-1h-2023-november-q13,Geometry and Measures,Similar shapes and scale factors,Geometry and Measures,Similarity,Geometry and Measures,Similarity,exams/questions/gcse/higher/p1/edexcel-1ma1-1h-2023-november-q13.pdf,8afc131aa2b887ad2c8da25396e371bb3aedfe21973a5c6fa038e2c17338bc0e,PDF text,True
edexcel-1ma1-1h-2023-november-q14,"Ratio, Proportion and Rates of Change",Ratios and sharing,Number,Fractional indices,Number,Fractional indices | Negative indices,exams/questions/gcse/higher/p1/edexcel-1ma1-1h-2023-november-q14.pdf,e866da29d92d7419029632c62689143ccfe875672b826b4635822614aab2b553,PDF text and visual,True
edexcel-1ma1-1h-2023-november-q15,"Ratio, Proportion and Rates of Change","Speed, distance and time","Ratio, Proportion and Rates of Change",Distance-time graphs,"Ratio, Proportion and Rates of Change",Distance-time graphs,exams/questions/gcse/higher/p1/edexcel-1ma1-1h-2023-november-q15.pdf,54703a11a2b89feafe69e993a4a39da95cc0f3de313bd86a350fff35fd227341,PDF text,True
edexcel-1ma1-1h-2023-november-q16,"Ratio, Proportion and Rates of Change",Growth and decay using recurrence relations,"Ratio, Proportion and Rates of Change",Compound growth and decay,"Ratio, Proportion and Rates of Change",Compound growth and decay,exams/questions/gcse/higher/p1/edexcel-1ma1-1h-2023-november-q16.pdf,c308b53b92f3e41b25175aa7bd1205ecb6aeae30324d4e1fb2c7b9faf2e031f6,PDF text,True
edexcel-1ma1-1h-2023-november-q17,Algebra,Factorising expressions,Algebra,Quadratic inequalities,Algebra,Quadratic inequalities,exams/questions/gcse/higher/p1/edexcel-1ma1-1h-2023-november-q17.pdf,e7c4e62c048677e519444fcbc6a0bc3e9a7d3273aadb139f9901fccef394bba9,PDF text,True
edexcel-1ma1-1h-2023-november-q18,Probability,Probability and combined events,Probability,Independent events,Probability,Independent events,exams/questions/gcse/higher/p1/edexcel-1ma1-1h-2023-november-q18.pdf,2d2edfb7319da6e64436fee8605a81cbee7ccb01dbefe58a80392ebb4978cbce,PDF text,True
edexcel-1ma1-1h-2023-november-q19,Geometry and Measures,Trigonometry,Geometry and Measures,Trigonometric equations,Geometry and Measures,Trigonometric equations | Trigonometric graphs,exams/questions/gcse/higher/p1/edexcel-1ma1-1h-2023-november-q19.pdf,5b75433ceeda151ec41e6f9b889f9a66d9172f769312f4cb7a35965199939254,PDF text,True
edexcel-1ma1-1h-2023-november-q20,Geometry and Measures,Polygons and angle reasoning,Geometry and Measures,Cosine rule,Geometry and Measures,Cosine rule,exams/questions/gcse/higher/p1/edexcel-1ma1-1h-2023-november-q20.pdf,3117bcb56afc5ff13094555a4117a5ae3f7b2fdbb36f3435bad47e0a4596ffbc,PDF text and visual,True
edexcel-1ma1-1h-2023-november-q21,Algebra,Simultaneous equations,Algebra,Simultaneous equations with a quadratic,Algebra,Simultaneous equations with a quadratic,exams/questions/gcse/higher/p1/edexcel-1ma1-1h-2023-november-q21.pdf,aceb92b8982f409a6d2e9b869fdf162625ed2633c1a6cd322f9fdef5b914c306,PDF text and visual,True
edexcel-1ma1-1h-2023-november-q22,Algebra,Sequences and nth terms,Algebra,Geometric sequences,Algebra,Geometric sequences,exams/questions/gcse/higher/p1/edexcel-1ma1-1h-2023-november-q22.pdf,88970d2f2c6a70412a7dce0d172bef4cf457ddb7caf67fef5e7b4241e5755e7e,PDF text,True
edexcel-1ma1-1h-2024-november-q1,Number,Numerical calculations,Number,Four operations,Number,Four operations,exams/questions/gcse/higher/p1/edexcel-1ma1-1h-2024-november-q1.pdf,77b82b6e02ce6d0cb3381491a10f3fcc72906f6361caa235398011382341a530,PDF text,True
edexcel-1ma1-1h-2024-november-q2,Probability,Probability and combined events,Probability,Expected frequency,Probability,Expected frequency,exams/questions/gcse/higher/p1/edexcel-1ma1-1h-2024-november-q2.pdf,fc7fd16bfd551e6e5121a8d2c0d5f4ef075f0fcdeea073c2782bd0958ce6e6f8,PDF text,True
edexcel-1ma1-1h-2024-november-q3,Number,Fractions and mixed numbers,Number,Mixed numbers,Number,Mixed numbers,exams/questions/gcse/higher/p1/edexcel-1ma1-1h-2024-november-q3.pdf,51d8c763c307b195acd67850ff6f6451236212bf07c0932e4967b7cbb99b4f78,PDF text,True
edexcel-1ma1-1h-2024-november-q4,Geometry and Measures,Vectors and geometric proof,Geometry and Measures,Angles in parallel lines,Geometry and Measures,Angles in parallel lines,exams/questions/gcse/higher/p1/edexcel-1ma1-1h-2024-november-q4.pdf,4c063c3ac91c22284d3c1dc3cf3173b264bbf8fd97fc3f5252ae03d544b6b8e7,PDF text,True
edexcel-1ma1-1h-2024-november-q5,"Ratio, Proportion and Rates of Change","Speed, distance and time",Number,Estimation,Number,Estimation,exams/questions/gcse/higher/p1/edexcel-1ma1-1h-2024-november-q5.pdf,4692a23ccce1f3bca7b4c039405851fc447991c7dc6472dc133e0e8e3d10c767,PDF text,True
edexcel-1ma1-1h-2024-november-q6,Geometry and Measures,Polygons and angle reasoning,Geometry and Measures,Angles in polygons,Geometry and Measures,Angles in polygons,exams/questions/gcse/higher/p1/edexcel-1ma1-1h-2024-november-q6.pdf,08c636d75a32a88e261c9e2fe8d52f00750f5b9cb7aef6d1c2b6881152484577,PDF text,True
edexcel-1ma1-1h-2024-november-q7,Geometry and Measures,Volume and surface area,Algebra,Gradient,Algebra,Gradient,exams/questions/gcse/higher/p1/edexcel-1ma1-1h-2024-november-q7.pdf,c72435957705331d017474db5c82b0d1edcdefc50bbb750e67c1ed7b2f05d3ec,PDF text,True
edexcel-1ma1-1h-2024-november-q8,"Ratio, Proportion and Rates of Change",Pressure and force,"Ratio, Proportion and Rates of Change",Pressure,"Ratio, Proportion and Rates of Change",Pressure,exams/questions/gcse/higher/p1/edexcel-1ma1-1h-2024-november-q8.pdf,62a0c96f1df157a56ffe8313168cc807c4895a025ddd8f7f4944d07dfaa4f6d1,PDF text,True
edexcel-1ma1-1h-2024-november-q9,Statistics,Cumulative frequency and quartiles,Statistics,Cumulative frequency,Statistics,Cumulative frequency | Box plots,exams/questions/gcse/higher/p1/edexcel-1ma1-1h-2024-november-q9.pdf,3b53d404944a16321bba80676ef9454db7de806c9e9cc081c5d65c8b858622f6,PDF text,True
edexcel-1ma1-1h-2024-november-q10,"Ratio, Proportion and Rates of Change",Ratios and sharing,Number,Fractional indices,Number,Fractional indices,exams/questions/gcse/higher/p1/edexcel-1ma1-1h-2024-november-q10.pdf,3bbdbe6a90f2c06709f0b7153841086c70959c68c972afa934a92a3a5aaddb96,PDF text and visual,True
edexcel-1ma1-1h-2024-november-q11,Algebra,Factorising expressions,Algebra,Factorising,Algebra,Factorising | Factorising quadratics | Difference of two squares,exams/questions/gcse/higher/p1/edexcel-1ma1-1h-2024-november-q11.pdf,de4351773fc4fbb8141d8c47966fa912f0fad8353bbb0028d84d846e9c391420,PDF text,True
edexcel-1ma1-1h-2024-november-q12,Geometry and Measures,Volume and surface area,Geometry and Measures,Similarity,Geometry and Measures,Similarity,exams/questions/gcse/higher/p1/edexcel-1ma1-1h-2024-november-q12.pdf,4190d4222170a8417192622fe4102bad29a732832a441657dadad72509940ecc,PDF text,True
edexcel-1ma1-1h-2024-november-q13,Geometry and Measures,Volume and surface area,Algebra,Quadratic equations by factorising,Algebra | Geometry and Measures,Quadratic equations by factorising | Forming equations | Volume,exams/questions/gcse/higher/p1/edexcel-1ma1-1h-2024-november-q13.pdf,4754d7f0f194f45224ae54bf2dfab7f23d68c6bdc5208d0762518789e812a6cc,PDF text and visual,True
edexcel-1ma1-1h-2024-november-q14,Geometry and Measures,Trigonometry,Geometry and Measures,Sine rule,Geometry and Measures,Sine rule | Exact trigonometric values,exams/questions/gcse/higher/p1/edexcel-1ma1-1h-2024-november-q14.pdf,7e07a29e273fd1864e46eb3ac7d3f23f20c08c53bd9c069923e415ffbc8ece82,PDF text and visual,True
edexcel-1ma1-1h-2024-november-q15,Geometry and Measures,Vectors and geometric proof,Geometry and Measures,Vector geometry,Geometry and Measures,Vector geometry,exams/questions/gcse/higher/p1/edexcel-1ma1-1h-2024-november-q15.pdf,7f991dc2d4b6ae8e0db995d427cacf38429e23f3ab59a75ca1dc68e1158e629a,PDF text,True
edexcel-1ma1-1h-2024-november-q16,Number,Surds and rationalising denominators,Number,Rationalising denominators,Number,Rationalising denominators,exams/questions/gcse/higher/p1/edexcel-1ma1-1h-2024-november-q16.pdf,8553463a56553e5c7c9c3c879b4d757893afb74e449b780901ba5d10832a177e,PDF text and visual,True
edexcel-1ma1-1h-2024-november-q17,Geometry and Measures,Circle theorems,Geometry and Measures,Circle theorems,Geometry and Measures,Circle theorems,exams/questions/gcse/higher/p1/edexcel-1ma1-1h-2024-november-q17.pdf,92c300c143950ed16d44bc6854fcc023cfd32c45354130d790872c5a1fd997ed,PDF text,False
edexcel-1ma1-1h-2024-november-q18,Algebra,Functions and inverse functions,Algebra,Functions,Algebra,Functions,exams/questions/gcse/higher/p1/edexcel-1ma1-1h-2024-november-q18.pdf,55bcf99027af4fde1eed8c99f574aad9c9bf544ee96f8b0d215aba8f848871f3,PDF text,True
edexcel-1ma1-1h-2024-november-q19,Probability,Probability and combined events,Probability,Combined probability,Probability,Combined probability,exams/questions/gcse/higher/p1/edexcel-1ma1-1h-2024-november-q19.pdf,5476a3c99f292fc8d705b0a7b3caa5c338187f59903dff4fd6388a1eacd9457c,PDF text,True
edexcel-1ma1-1h-2024-november-q20,Geometry and Measures,Circle theorems,Algebra,Parallel and perpendicular lines,Algebra,Parallel and perpendicular lines,exams/questions/gcse/higher/p1/edexcel-1ma1-1h-2024-november-q20.pdf,0482eb7cdfea694efa0e8e1cf70e8f5462c063e1862c606142ce9b916db82342,PDF text,True
edexcel-1ma1-1h-2025-june-q1,Number,"Prime factors, HCF and LCM",Number,HCF and LCM,Number,HCF and LCM,exams/questions/gcse/higher/p1/edexcel-1ma1-1h-2025-june-q1.pdf,60d7dbe1d284defc4aa97d0d7c9e6a8452a08b4dfa7ec16d117f60ad3227d738,PDF text,True
edexcel-1ma1-1h-2025-june-q2,Probability,Probability and combined events,Probability,Probability tables,Probability,Probability tables,exams/questions/gcse/higher/p1/edexcel-1ma1-1h-2025-june-q2.pdf,116fb2afa9d2606acb30682a5b89c607178d064a30ad3e233eea6e9eda30751b,PDF text,True
edexcel-1ma1-1h-2025-june-q3,Algebra,Quadratic equations and graphs,Algebra,Quadratic graphs,Algebra,Quadratic graphs,exams/questions/gcse/higher/p1/edexcel-1ma1-1h-2025-june-q3.pdf,dfe9792e0c5e6d1c1e3085b7df01a5e17e43852f2d26b5070ad15ab1e763dae4,PDF text,True
edexcel-1ma1-1h-2025-june-q4,"Ratio, Proportion and Rates of Change",Ratios and sharing,"Ratio, Proportion and Rates of Change",Ratio problem solving,"Ratio, Proportion and Rates of Change",Ratio problem solving,exams/questions/gcse/higher/p1/edexcel-1ma1-1h-2025-june-q4.pdf,97ebc8b7376f7dc85c60c63bedae1c7bd13f25f6f10c048df4262d2e7821fbc0,PDF text,True
edexcel-1ma1-1h-2025-june-q5,Number,Standard form,Number,Standard form calculations,Number,Standard form calculations,exams/questions/gcse/higher/p1/edexcel-1ma1-1h-2025-june-q5.pdf,2c5e79e0c1bb7eb9128550f61feffcc8e4ed695733f96a50fedee78fad1ea1c7,PDF text,True
edexcel-1ma1-1h-2025-june-q6,Geometry and Measures,Polygons and angle reasoning,Geometry and Measures,Angles in polygons,Geometry and Measures,Angles in polygons,exams/questions/gcse/higher/p1/edexcel-1ma1-1h-2025-june-q6.pdf,03cfe720a0fb5c18067a41acfa53f3e579f7c4a5be55b2614a957da9221db1fa,PDF text,True
edexcel-1ma1-1h-2025-june-q7,Algebra,Solving equations,Algebra,Compound inequalities,Algebra,Compound inequalities,exams/questions/gcse/higher/p1/edexcel-1ma1-1h-2025-june-q7.pdf,0f206d20457fb975e994d5909b4e8f703490e679e921fd7852b3bcd06031d397,PDF text,True
edexcel-1ma1-1h-2025-june-q8,Geometry and Measures,Similar shapes and scale factors,Geometry and Measures,Similarity,Geometry and Measures,Similarity,exams/questions/gcse/higher/p1/edexcel-1ma1-1h-2025-june-q8.pdf,1cb196a95a2d8eeb3036a2baa9a0aace6cf3db643ee22f72bc0493e4d5e4a90f,PDF text,True
edexcel-1ma1-1h-2025-june-q9,Geometry and Measures,Similar shapes and scale factors,Geometry and Measures,Transformations,Geometry and Measures,Transformations | Rotations | Enlargements,exams/questions/gcse/higher/p1/edexcel-1ma1-1h-2025-june-q9.pdf,dfa667aa20fc1e62e1974121f2902ec947f3a68b4630f6eb14855ffb944b55cc,PDF text and visual,True
edexcel-1ma1-1h-2025-june-q10,Algebra,Algebraic proof,Algebra,Algebraic proof,Algebra,Algebraic proof,exams/questions/gcse/higher/p1/edexcel-1ma1-1h-2025-june-q10.pdf,d527296177ed6ac85be89e0f5a18f8186dbf7aa285c00e39e4fc832353197f79,PDF text,False
edexcel-1ma1-1h-2025-june-q11,"Ratio, Proportion and Rates of Change",Direct and inverse proportion,"Ratio, Proportion and Rates of Change",Proportion equations,"Ratio, Proportion and Rates of Change",Proportion equations,exams/questions/gcse/higher/p1/edexcel-1ma1-1h-2025-june-q11.pdf,baf3815c488cf5d1dc1d9709210b651029b4d9d677d8cd9a71b865dc5c671166,PDF text,True
edexcel-1ma1-1h-2025-june-q12,"Ratio, Proportion and Rates of Change","Speed, distance and time","Ratio, Proportion and Rates of Change",Velocity-time graphs,"Ratio, Proportion and Rates of Change",Velocity-time graphs,exams/questions/gcse/higher/p1/edexcel-1ma1-1h-2025-june-q12.pdf,f3510c2f645884534da1322edf4c91410805cc73e33cfba536d8a3dfebf8ed58,PDF text,True
edexcel-1ma1-1h-2025-june-q13,Number,Fractions and mixed numbers,Number,Recurring decimals,Number,Recurring decimals,exams/questions/gcse/higher/p1/edexcel-1ma1-1h-2025-june-q13.pdf,768edc4e39d4d76110cbae5265880951628a2d7ca8cedd808521a9b63f56c378,PDF text,True
edexcel-1ma1-1h-2025-june-q14,Probability,Probability and combined events,Probability,Probability without replacement,Probability,Probability without replacement,exams/questions/gcse/higher/p1/edexcel-1ma1-1h-2025-june-q14.pdf,298a8a139b5471c634b9196c077babc6726861eb84e1fdd760220cb69310d9f0,PDF text,True
edexcel-1ma1-1h-2025-june-q15,Statistics,Histograms,Statistics,Histograms,Statistics,Histograms,exams/questions/gcse/higher/p1/edexcel-1ma1-1h-2025-june-q15.pdf,f0752b99ffdde71a163eb215d428e1c3a937ba45c03a924d041b64ff4b9c78d8,PDF text,False
edexcel-1ma1-1h-2025-june-q16,Number,Surds and rationalising denominators,Number,Rationalising denominators,Number,Rationalising denominators,exams/questions/gcse/higher/p1/edexcel-1ma1-1h-2025-june-q16.pdf,358bf332c8212962a1d0e5029809d22abdde7dd64c0210a06bc6e7f9619cc007,PDF text and visual,True
edexcel-1ma1-1h-2025-june-q17,Algebra,Functions and inverse functions,Algebra,Composite functions,Algebra,Composite functions,exams/questions/gcse/higher/p1/edexcel-1ma1-1h-2025-june-q17.pdf,7d53b612ec0b652bd7bca08a1e58d3cd3fbc8271a057852ba48d052d662e0792,PDF text,True
edexcel-1ma1-2h-2017-june-q1,Probability,Probability and combined events,Probability,Expected frequency,Probability,Expected frequency,exams/questions/gcse/higher/p2/edexcel-1ma1-2h-2017-june-q1.pdf,dde5311b3b5a706eb969c265f3ab19f582094f3e7e3bbd91181b43fc7ed2e40c,PDF text,True
edexcel-1ma1-2h-2017-june-q2,"Ratio, Proportion and Rates of Change",Percentages and multipliers,"Ratio, Proportion and Rates of Change",Ratio problem solving,"Ratio, Proportion and Rates of Change",Ratio problem solving,exams/questions/gcse/higher/p2/edexcel-1ma1-2h-2017-june-q2.pdf,78b8444a6cd0a2a3810a08e71a08cf0958fb289a6044187b1057dba8e6465432,PDF text,True
edexcel-1ma1-2h-2017-june-q3,Geometry and Measures,Volume and surface area,Geometry and Measures,Plans and elevations,Geometry and Measures,Plans and elevations,exams/questions/gcse/higher/p2/edexcel-1ma1-2h-2017-june-q3.pdf,b052cfcc16816fe1d346ce21996b02d4ae907083c2ffbe5d985afd6ec512db30,PDF text,True
edexcel-1ma1-2h-2017-june-q4,Statistics,Averages and grouped data,"Ratio, Proportion and Rates of Change",Speed,"Ratio, Proportion and Rates of Change",Speed,exams/questions/gcse/higher/p2/edexcel-1ma1-2h-2017-june-q4.pdf,b57fc579c7325cf6da04f3a80e4c02c989107374fe2bda23b856763283200ac1,PDF text,True
edexcel-1ma1-2h-2017-june-q5,Geometry and Measures,Vectors and geometric proof,Geometry and Measures,Similarity,Geometry and Measures,Similarity,exams/questions/gcse/higher/p2/edexcel-1ma1-2h-2017-june-q5.pdf,f67e825f880fe7ece6c0c7ed61139e6aec22ff847d8ea813123b57693543caf7,PDF text,True
edexcel-1ma1-2h-2017-june-q6,"Ratio, Proportion and Rates of Change",Compound interest and repeated change,Number,Compound interest,Number,Compound interest,exams/questions/gcse/higher/p2/edexcel-1ma1-2h-2017-june-q6.pdf,28b82984e3c88b5a0154dc92793937ca7911a9776a4bb241d3f22d54d6864a20,PDF text,True
edexcel-1ma1-2h-2017-june-q7,Algebra,Algebraic inequalities,Number,Error intervals,Number,Error intervals,exams/questions/gcse/higher/p2/edexcel-1ma1-2h-2017-june-q7.pdf,d5f83f2ef14abbc0e332202fa4ba50f286e3bad80867130ae1d6ab010fd74654,PDF text,True
edexcel-1ma1-2h-2017-june-q8,Statistics,Cumulative frequency and quartiles,Statistics,Cumulative frequency,Statistics,Cumulative frequency,exams/questions/gcse/higher/p2/edexcel-1ma1-2h-2017-june-q8.pdf,93e40104daf3097bc1fffd62315e24d19ccb892ac4c5147759fbff140e2e74f3,PDF text,True
edexcel-1ma1-2h-2017-june-q9,Geometry and Measures,Transformations,Geometry and Measures,Transformations,Geometry and Measures,Transformations | Reflections,exams/questions/gcse/higher/p2/edexcel-1ma1-2h-2017-june-q9.pdf,6c6c2f36e0370265e571fcf0e64037293040334d71a94a7a1402ad6df281ba48,PDF text and visual,True
edexcel-1ma1-2h-2017-june-q10,Number,Standard form,Number,Standard form calculations,Number,Standard form calculations,exams/questions/gcse/higher/p2/edexcel-1ma1-2h-2017-june-q10.pdf,823da71e7f73682c6dc6b675f8ebe46bf24e9175550dd4dabd30a2fe66c20852,PDF text,True
edexcel-1ma1-2h-2017-june-q11,Algebra,Solving equations,Algebra,Equations with unknowns on both sides,Algebra,Equations with unknowns on both sides,exams/questions/gcse/higher/p2/edexcel-1ma1-2h-2017-june-q11.pdf,7c385d9a4e59b1dfadb3d7eb2ee81a8f11feac5f56dcbc361a6ba776d690d2cb,PDF text and visual,True
edexcel-1ma1-2h-2017-june-q12,Probability,Tree diagrams and conditional probability,Probability,Tree diagrams,Probability,Tree diagrams,exams/questions/gcse/higher/p2/edexcel-1ma1-2h-2017-june-q12.pdf,2ef2c1b2516c46c67b1265d4fc3a5544cb95ff708a417ab45db823649ce52d73,PDF text,True
edexcel-1ma1-2h-2017-june-q13,Statistics,Histograms,Statistics,Histograms,Statistics,Histograms,exams/questions/gcse/higher/p2/edexcel-1ma1-2h-2017-june-q13.pdf,01969dcf6f035be934389ec524521f425c9098b9e935a0d7cbfe4396aeb7c1c4,PDF text,False
edexcel-1ma1-2h-2017-june-q14,Algebra,Recognising graphs,Algebra,Recognising graphs,Algebra,Recognising graphs,exams/questions/gcse/higher/p2/edexcel-1ma1-2h-2017-june-q14.pdf,833037d10ee01c8c91dd73ae618f4b3fae27effc5ef6f757297a74a8f73b84c0,PDF text,False
edexcel-1ma1-2h-2017-june-q15,Geometry and Measures,Similar shapes and scale factors,Geometry and Measures,Similarity,Geometry and Measures,Similarity,exams/questions/gcse/higher/p2/edexcel-1ma1-2h-2017-june-q15.pdf,c511764e421f62d31693028c6f12d019c37c8e9b4bfb9a0b1935cfa509ced1f2,PDF text,True
edexcel-1ma1-2h-2017-june-q16,Number,Recurring decimals as fractions,Number,Recurring decimals,Number,Recurring decimals,exams/questions/gcse/higher/p2/edexcel-1ma1-2h-2017-june-q16.pdf,e5fa5aabf89e4124746e2e24a2abfe489617c262288f258c35e07a2ffb844633,PDF text,True
edexcel-1ma1-2h-2017-june-q17,Geometry and Measures,Circle theorems,Geometry and Measures,Sector area,Geometry and Measures,Sector area,exams/questions/gcse/higher/p2/edexcel-1ma1-2h-2017-june-q17.pdf,8998dc4e37120567ee0c0d8458fe748017edb33ff52402e32f6a87a050cd682a,PDF text,True
edexcel-1ma1-2h-2017-june-q18,Number,"Powers, roots and indices",Number,Laws of indices,Number,Laws of indices | Fractional indices,exams/questions/gcse/higher/p2/edexcel-1ma1-2h-2017-june-q18.pdf,44ad965ecf65e1d189ba230f93392909ac691e8161d51a5d1246eb787ab6199e,PDF text and visual,True
edexcel-1ma1-2h-2017-june-q19,Number,Fractions and mixed numbers,Algebra,Algebraic fractions,Algebra,Algebraic fractions,exams/questions/gcse/higher/p2/edexcel-1ma1-2h-2017-june-q19.pdf,987137b76dd3447956e33ff60c049af7f9d6e6c1feee7589625b2f6b6e8f9775,PDF text,True
edexcel-1ma1-2h-2017-june-q20,Algebra,Quadratic graphs and graphical solutions,Algebra,Quadratic graphs,Algebra,Quadratic graphs,exams/questions/gcse/higher/p2/edexcel-1ma1-2h-2017-june-q20.pdf,e8f827e8b847bba736c8d23620de59ed40bd388ac87984e3af2da0b4009b10ae,PDF text,True
edexcel-1ma1-2h-2017-june-q21,Geometry and Measures,Polygons and angle reasoning,Geometry and Measures,Pythagoras,Geometry and Measures,Pythagoras,exams/questions/gcse/higher/p2/edexcel-1ma1-2h-2017-june-q21.pdf,a5aff41e8c2a4950e386d7693e97b2ad7b7595b637cb8e4a1a8326edb8346b28,PDF text,True
edexcel-1ma1-2h-2017-june-q22,Algebra,Sequences and nth terms,Algebra,Quadratic sequences,Algebra,Quadratic sequences,exams/questions/gcse/higher/p2/edexcel-1ma1-2h-2017-june-q22.pdf,4b6add297a4b50eab787ba0a0265df4ffcff98078d53c8a04cb795d9c04da8aa,PDF text and visual,True
edexcel-1ma1-2h-2017-june-q23,Geometry and Measures,Circle theorems,Algebra,Parallel and perpendicular lines,Algebra,Parallel and perpendicular lines,exams/questions/gcse/higher/p2/edexcel-1ma1-2h-2017-june-q23.pdf,137aa87b8970690764fbc4e70a4cbe105e4e018cb2400beb0616f21a0fbf883d,PDF text,True
edexcel-1ma1-2h-2017-november-q1,Algebra,Solving equations,Algebra,Equations with unknowns on both sides,Algebra,Equations with unknowns on both sides,exams/questions/gcse/higher/p2/edexcel-1ma1-2h-2017-november-q1.pdf,8c6e864a4b2b4f864db700dad0837f51d6fb870a70a4dd4130929f0cfac5e808,PDF text and visual,True
edexcel-1ma1-2h-2017-november-q2,"Ratio, Proportion and Rates of Change",Percentages and multipliers,Number,Percentage increase and decrease,Number,Percentage increase and decrease,exams/questions/gcse/higher/p2/edexcel-1ma1-2h-2017-november-q2.pdf,6606422cb25501b1f51772ae17e607e1ada5b53bd513a7acfc6511bb5ac44b5f,PDF text and visual,True
edexcel-1ma1-2h-2017-november-q3,"Ratio, Proportion and Rates of Change",Ratios and sharing,Geometry and Measures,Circles,Geometry and Measures | Statistics,Circles | Mean,exams/questions/gcse/higher/p2/edexcel-1ma1-2h-2017-november-q3.pdf,c54ab7a71d728c67f050a7ec6de14697df56f173f227e05471611f198b10efab,PDF text and visual,True
edexcel-1ma1-2h-2017-november-q4,"Ratio, Proportion and Rates of Change",Ratios and sharing,Probability,Basic probability,Probability,Basic probability,exams/questions/gcse/higher/p2/edexcel-1ma1-2h-2017-november-q4.pdf,ba476948dff9bf0bf51ebb6f8e13cf364849610f547c2b0b7ed5f2bdd7ea1eb3,PDF text and visual,True
edexcel-1ma1-2h-2017-november-q5,"Ratio, Proportion and Rates of Change",Ratios and sharing,Geometry and Measures,Transformations,Geometry and Measures,Transformations | Rotations | Translations,exams/questions/gcse/higher/p2/edexcel-1ma1-2h-2017-november-q5.pdf,7dfbe8892a71e2693d73b41ca0c4be0fa429aa0e1d1bf4109840a9a1d3aa4054,PDF text and visual,True
edexcel-1ma1-2h-2017-november-q6,"Ratio, Proportion and Rates of Change",Ratios and sharing,Number,Laws of indices,Number,Laws of indices,exams/questions/gcse/higher/p2/edexcel-1ma1-2h-2017-november-q6.pdf,0bfb8675c4e26d3d2d7818c8a0a9573e6328058eb3566b38833aedb18e60449d,PDF text and visual,True
edexcel-1ma1-2h-2017-november-q7,"Ratio, Proportion and Rates of Change",Ratios and sharing,Geometry and Measures,Right-angled trigonometry,Geometry and Measures,Right-angled trigonometry | Pythagoras,exams/questions/gcse/higher/p2/edexcel-1ma1-2h-2017-november-q7.pdf,b7e5778f4267f329e7ee22e03b2a324dc288f830d0d7969b455e863c93c82026,PDF text and visual,True
edexcel-1ma1-2h-2017-november-q8,Geometry and Measures,Trigonometry,Number,Calculator calculations,Number,Calculator calculations | Rounding,exams/questions/gcse/higher/p2/edexcel-1ma1-2h-2017-november-q8.pdf,8c294754a9017663ab51fb729935e1b74fa5883e00ab1e4d59008d368e80038c,PDF text and visual,True
edexcel-1ma1-2h-2017-november-q9,"Ratio, Proportion and Rates of Change",Ratios and sharing,"Ratio, Proportion and Rates of Change",Inverse proportion,"Ratio, Proportion and Rates of Change",Inverse proportion,exams/questions/gcse/higher/p2/edexcel-1ma1-2h-2017-november-q9.pdf,9dc965636c19e816a77a0163a937371719831b721bff154d769ca8f03bd52501,PDF text and visual,True
edexcel-1ma1-2h-2017-november-q10,"Ratio, Proportion and Rates of Change",Ratios and sharing,"Ratio, Proportion and Rates of Change",Distance-time graphs,"Ratio, Proportion and Rates of Change",Distance-time graphs,exams/questions/gcse/higher/p2/edexcel-1ma1-2h-2017-november-q10.pdf,aaab47642beae8f2de5a77665d0381c6872bb3c5aa38e1df30ab5fb5f9617dcf,PDF text and visual,True
edexcel-1ma1-2h-2017-november-q11,"Ratio, Proportion and Rates of Change",Ratios and sharing,Statistics,Pie charts,Statistics,Pie charts,exams/questions/gcse/higher/p2/edexcel-1ma1-2h-2017-november-q11.pdf,aca49c02e0b6d19ecfcb14cfa8b1141da8c6e048e214048faca18f7900405137,PDF text and visual,True
edexcel-1ma1-2h-2017-november-q12,"Ratio, Proportion and Rates of Change",Ratios and sharing,Geometry and Measures,Angles in polygons,Geometry and Measures,Angles in polygons,exams/questions/gcse/higher/p2/edexcel-1ma1-2h-2017-november-q12.pdf,e6b91e9d246ecb2c3c9c51b18011847b3ca5f98819532c4d51783b36f6e0fd6b,PDF text and visual,True
edexcel-1ma1-2h-2017-november-q13,"Ratio, Proportion and Rates of Change",Ratios and sharing,"Ratio, Proportion and Rates of Change",Compound growth and decay,"Ratio, Proportion and Rates of Change",Compound growth and decay,exams/questions/gcse/higher/p2/edexcel-1ma1-2h-2017-november-q13.pdf,af62f8ceafc10edcc6e356e05f602829076c85b08351d1437adf1c42426b77c5,PDF text and visual,True
edexcel-1ma1-2h-2017-november-q14,"Ratio, Proportion and Rates of Change",Ratios and sharing,Algebra,Linear inequalities,Algebra,Linear inequalities,exams/questions/gcse/higher/p2/edexcel-1ma1-2h-2017-november-q14.pdf,17117af1923e34803b74177482b4696a70d8c44d37ebfc844a7ea7692da949a2,PDF text and visual,True
edexcel-1ma1-2h-2017-november-q15,"Ratio, Proportion and Rates of Change",Ratios and sharing,Probability,Product rule for counting,Probability,Product rule for counting,exams/questions/gcse/higher/p2/edexcel-1ma1-2h-2017-november-q15.pdf,d822a086fba59ff322e2e047fe05f3ee0b8ff16f0164016125bc42f150b3243a,PDF text and visual,True
edexcel-1ma1-2h-2017-november-q16,"Ratio, Proportion and Rates of Change",Ratios and sharing,Algebra,Quadratic equations using square roots,Algebra,Quadratic equations using square roots,exams/questions/gcse/higher/p2/edexcel-1ma1-2h-2017-november-q16.pdf,46b729490424948c5e925b0b20d60df1bf0220a3ebf8183172315aa129e87edf,PDF text and visual,True
edexcel-1ma1-2h-2017-november-q17,"Ratio, Proportion and Rates of Change",Ratios and sharing,Statistics,Histograms,Statistics,Histograms,exams/questions/gcse/higher/p2/edexcel-1ma1-2h-2017-november-q17.pdf,b35b0ad54038708c46e20761b0ae203d126a7d0b1f2ef5367ec74783cea67584,PDF text and visual,True
edexcel-1ma1-2h-2017-november-q18,"Ratio, Proportion and Rates of Change",Ratios and sharing,"Ratio, Proportion and Rates of Change",Compound growth and decay,"Ratio, Proportion and Rates of Change",Compound growth and decay,exams/questions/gcse/higher/p2/edexcel-1ma1-2h-2017-november-q18.pdf,0ee4cd4718054250c0a5471518d26aa05fbcd3ef2e07c7b3a2a1619055569f22,PDF text and visual,True
edexcel-1ma1-2h-2017-november-q19,"Ratio, Proportion and Rates of Change",Ratios and sharing,Algebra,Parallel and perpendicular lines,Algebra,Parallel and perpendicular lines,exams/questions/gcse/higher/p2/edexcel-1ma1-2h-2017-november-q19.pdf,c8fa871446bbb83de2389f7057a121bc4013ef586ae1e71ef4da7e2dbe2e4bb9,PDF text and visual,True
edexcel-1ma1-2h-2017-november-q20,"Ratio, Proportion and Rates of Change",Ratios and sharing,Geometry and Measures,Sector area,Geometry and Measures,Sector area | Right-angled trigonometry,exams/questions/gcse/higher/p2/edexcel-1ma1-2h-2017-november-q20.pdf,1bfafc914b2fc35c01082dbc2dd8d4a4aa458655031a59c945b02d2c30ce5a93,PDF text and visual,True
edexcel-1ma1-2h-2017-november-q21,"Ratio, Proportion and Rates of Change",Ratios and sharing,Probability,Probability without replacement,Probability,Probability without replacement,exams/questions/gcse/higher/p2/edexcel-1ma1-2h-2017-november-q21.pdf,a640b7225f3193164a968dfb144bc37c75cbf45800d9f3ed126fb0334952e47a,PDF text and visual,True
edexcel-1ma1-2h-2017-november-q22,"Ratio, Proportion and Rates of Change",Ratios and sharing,Algebra,Inverse functions,Algebra,Inverse functions | Forming and solving linear simultaneous equations,exams/questions/gcse/higher/p2/edexcel-1ma1-2h-2017-november-q22.pdf,42b94bc605fb2afbdab73adc2342983eb4f8ce82d9af748a843b4a404ce016d9,PDF text and visual,True
edexcel-1ma1-2h-2017-november-q23,"Ratio, Proportion and Rates of Change",Ratios and sharing,Algebra,Geometric sequences,Algebra | Number,Geometric sequences | Surds,exams/questions/gcse/higher/p2/edexcel-1ma1-2h-2017-november-q23.pdf,38632d8a5fc4d3b19ba42bc027eff5e3c9247a0f68cacd6707197fe23ddbdc8e,PDF text and visual,True
edexcel-1ma1-2h-2018-june-q1,Algebra,Simplifying algebraic expressions,Number,Laws of indices,Number,Laws of indices,exams/questions/gcse/higher/p2/edexcel-1ma1-2h-2018-june-q1.pdf,332b8dd096d4d3b338a2edc8b14171872c6a72011ca11f6ac90f1af5b38c2436,PDF text,True
edexcel-1ma1-2h-2018-june-q2,Number,"Prime factors, HCF and LCM",Number,HCF and LCM,Number,HCF and LCM,exams/questions/gcse/higher/p2/edexcel-1ma1-2h-2018-june-q2.pdf,c15f68c756f479ca90246cf66622f225927cae10ff3351e4aca70d54fde36bb9,PDF text,True
edexcel-1ma1-2h-2018-june-q3,Algebra,Solving equations,Algebra,Equation of a straight line,Algebra,Equation of a straight line,exams/questions/gcse/higher/p2/edexcel-1ma1-2h-2018-june-q3.pdf,4053645a57f6b5e70103786bab47a24baf0263086160602fc6c110b538d77e7a,PDF text,True
edexcel-1ma1-2h-2018-june-q4,"Ratio, Proportion and Rates of Change",Percentages and multipliers,"Ratio, Proportion and Rates of Change",Ratio problem solving,"Ratio, Proportion and Rates of Change",Ratio problem solving,exams/questions/gcse/higher/p2/edexcel-1ma1-2h-2018-june-q4.pdf,f29be432dd1ac9f55f96e886d13054a111d4436ad4d8da07cc97a7ae5535da7e,PDF text,True
edexcel-1ma1-2h-2018-june-q5,Algebra,Quadratic graphs and graphical solutions,Algebra,Quadratic graphs,Algebra,Quadratic graphs,exams/questions/gcse/higher/p2/edexcel-1ma1-2h-2018-june-q5.pdf,2b70e71d904991b527b38112a8ca95e7f97b64921bde477289c001240ebdc17f,PDF text,True
edexcel-1ma1-2h-2018-june-q6,"Ratio, Proportion and Rates of Change",Pressure and force,"Ratio, Proportion and Rates of Change",Pressure,"Ratio, Proportion and Rates of Change",Pressure,exams/questions/gcse/higher/p2/edexcel-1ma1-2h-2018-june-q6.pdf,f0c320e434a4ea3941668ae054aa939d349cc69150dec2112f71ae16629425d3,PDF text,True
edexcel-1ma1-2h-2018-june-q7,Geometry and Measures,Similar shapes and scale factors,Geometry and Measures,Enlargements,Geometry and Measures,Enlargements,exams/questions/gcse/higher/p2/edexcel-1ma1-2h-2018-june-q7.pdf,d569d0579194477c904503d89026783c7aa365294aa7b3729244fb6854acc893,PDF text,True
edexcel-1ma1-2h-2018-june-q8,Probability,Probability and combined events,Probability,Conditional probability,Probability,Conditional probability,exams/questions/gcse/higher/p2/edexcel-1ma1-2h-2018-june-q8.pdf,c78558eb6075c531d07af32f59509154afa70ba798880185c5b78127d8794d47,PDF text,True
edexcel-1ma1-2h-2018-june-q9,"Ratio, Proportion and Rates of Change",Compound interest and repeated change,Number,Compound interest,Number,Compound interest,exams/questions/gcse/higher/p2/edexcel-1ma1-2h-2018-june-q9.pdf,e326cd29a437f12499cde5d64f146cdc82740e132450f0396d09301888e391d0,PDF text,True
edexcel-1ma1-2h-2018-june-q10,Geometry and Measures,Vectors and geometric proof,Geometry and Measures,Vectors,Geometry and Measures,Vectors,exams/questions/gcse/higher/p2/edexcel-1ma1-2h-2018-june-q10.pdf,ae42de3459328002d61af662d7282610e59dc5827fdd752d26b37c2689faac55,PDF text,True
edexcel-1ma1-2h-2018-june-q11,Algebra,Functions and inverse functions,Algebra,Composite functions,Algebra,Composite functions,exams/questions/gcse/higher/p2/edexcel-1ma1-2h-2018-june-q11.pdf,1e14b2e957b4ebf984fe1510a76b9326beb089a7f027323c2d4291b7f751f5ab,PDF text,True
edexcel-1ma1-2h-2018-june-q12,Algebra,Graphs and equations,Algebra,Recognising graphs,Algebra,Recognising graphs,exams/questions/gcse/higher/p2/edexcel-1ma1-2h-2018-june-q12.pdf,3ce940e201a0bf1f20ba9e8da5c74e7f540d94ae8ba878d91d7f303224e27b9b,PDF text,True
edexcel-1ma1-2h-2018-june-q13,Geometry and Measures,Circle theorems,Geometry and Measures,Circle theorems,Geometry and Measures,Circle theorems,exams/questions/gcse/higher/p2/edexcel-1ma1-2h-2018-june-q13.pdf,bd214b0cdfb7e7a5254e3e1362f47a11f59ebdac83eb2679e0bef033377c0a3e,PDF text,False
edexcel-1ma1-2h-2018-june-q14,"Ratio, Proportion and Rates of Change","Speed, distance and time","Ratio, Proportion and Rates of Change",Distance-time graphs,"Ratio, Proportion and Rates of Change",Distance-time graphs,exams/questions/gcse/higher/p2/edexcel-1ma1-2h-2018-june-q14.pdf,1cde390273bea72ba0dde315e638e3f4c3ba92ba3630a45a645cd58f2306a3d0,PDF text,True
edexcel-1ma1-2h-2018-june-q15,Probability,Tree diagrams and conditional probability,Probability,Tree diagrams,Probability,Tree diagrams,exams/questions/gcse/higher/p2/edexcel-1ma1-2h-2018-june-q15.pdf,698372d72c3193366fb8fbf589aa11d7159a7aa2e61231a3a3bd1b83abd21588,PDF text,True
edexcel-1ma1-2h-2018-june-q16,Algebra,Simultaneous equations,Algebra,Simultaneous equations with a quadratic,Algebra,Simultaneous equations with a quadratic,exams/questions/gcse/higher/p2/edexcel-1ma1-2h-2018-june-q16.pdf,9322a214357aa4d44d2e604ff1be8998156f46e6d94c43910833bb1fcb01fdb8,PDF text and visual,True
edexcel-1ma1-2h-2018-june-q17,Statistics,Histograms,Statistics,Histograms,Statistics,Histograms | Quartiles and IQR,exams/questions/gcse/higher/p2/edexcel-1ma1-2h-2018-june-q17.pdf,2a7d8fe1fe06d34acae6e367d83ca885c5eff335745afad6a8de1ac39d562edd,PDF text,True
edexcel-1ma1-2h-2018-june-q18,Geometry and Measures,Volume and surface area,Geometry and Measures,Right-angled trigonometry,Geometry and Measures,Right-angled trigonometry,exams/questions/gcse/higher/p2/edexcel-1ma1-2h-2018-june-q18.pdf,c9cd1aa1b4707b9d966114ee4ddb7db85212fb3c17e6089745db4869c9fce141,PDF text,True
edexcel-1ma1-2h-2018-june-q19,Geometry and Measures,Volume and surface area,Geometry and Measures,Surface area,Geometry and Measures,Surface area,exams/questions/gcse/higher/p2/edexcel-1ma1-2h-2018-june-q19.pdf,1754b470a93207ed60fb674e5d59c9c24c6718ff35bf8c489a8cb4c2f5d6bb35,PDF text,True
edexcel-1ma1-2h-2018-june-q20,Number,Surds and rationalising denominators,Number,Rationalising denominators,Number,Rationalising denominators,exams/questions/gcse/higher/p2/edexcel-1ma1-2h-2018-june-q20.pdf,8cf3bf9b8e0a37a93bd9cc527f146bb13cadc82f5fd3615978b0366c0a680b71,PDF text and visual,True
edexcel-1ma1-2h-2018-june-q21,"Ratio, Proportion and Rates of Change","Density, mass and volume",Number,Bounds,Number,Bounds,exams/questions/gcse/higher/p2/edexcel-1ma1-2h-2018-june-q21.pdf,92b8403be1e70ac869ef2fc58a0dbe9d5acea5f559243af440b34593d9e01ba2,PDF text,True
edexcel-1ma1-2h-2018-november-q1,Probability,Venn diagrams and set notation,Probability,Venn diagrams,Probability,Venn diagrams,exams/questions/gcse/higher/p2/edexcel-1ma1-2h-2018-november-q1.pdf,5053a6fc570d2085d79bdd4e46a8b72174a2a674888987f0b49de7a8020d930a,PDF text,True
edexcel-1ma1-2h-2018-november-q2,Statistics,Scatter graphs and correlation,Statistics,Scatter graphs,Statistics,Scatter graphs,exams/questions/gcse/higher/p2/edexcel-1ma1-2h-2018-november-q2.pdf,e2923cc4e4a264898a04dd63b77a7858560e68866edac809a60640e682eeb9f3,PDF text,True
edexcel-1ma1-2h-2018-november-q3,Geometry and Measures,Polygons and angle reasoning,Geometry and Measures,Angles in parallel lines,Geometry and Measures,Angles in parallel lines,exams/questions/gcse/higher/p2/edexcel-1ma1-2h-2018-november-q3.pdf,db1f2ddfa0206fe3766f876348c462dcc80104f569a7a6207e32480a583283ab,PDF text,True
edexcel-1ma1-2h-2018-november-q4,"Ratio, Proportion and Rates of Change",Compound interest and repeated change,Number,Compound interest,Number,Compound interest,exams/questions/gcse/higher/p2/edexcel-1ma1-2h-2018-november-q4.pdf,8baf2e9eaccce3da01dc249714f7c723dd3407a55b1c75db36e23c53da6c7c02,PDF text,True
edexcel-1ma1-2h-2018-november-q5,Geometry and Measures,Area and perimeter,Geometry and Measures,Area,Geometry and Measures,Area,exams/questions/gcse/higher/p2/edexcel-1ma1-2h-2018-november-q5.pdf,536cce26202b722c6e9d325239dc4fe2e285610e5ded7adaf820f4f36b9a5a9e,PDF text,True
edexcel-1ma1-2h-2018-november-q6,Algebra,Straight-line graphs and equations,Algebra,Gradient,Algebra,Gradient,exams/questions/gcse/higher/p2/edexcel-1ma1-2h-2018-november-q6.pdf,0044333c2012fcc95f06385e35ef547334d03ebf51b844afcdbd3207b02ee5b2,PDF text,True
edexcel-1ma1-2h-2018-november-q7,Number,Standard form,Number,Standard form calculations,Number,Standard form calculations,exams/questions/gcse/higher/p2/edexcel-1ma1-2h-2018-november-q7.pdf,274ed4cd560c2daca9a88819d90bbf79fd381077fccdc6478628ab91ec29b4dd,PDF text,True
edexcel-1ma1-2h-2018-november-q8,Geometry and Measures,Transformations,Geometry and Measures,Transformations,Geometry and Measures,Transformations | Reflections,exams/questions/gcse/higher/p2/edexcel-1ma1-2h-2018-november-q8.pdf,4bcd9d72710e015227326a856c1204a2c70df7cdb4e7fd2b485354d572558661,PDF text and visual,True
edexcel-1ma1-2h-2018-november-q9,Number,Bounds and error intervals,Number,Error intervals,Number,Error intervals,exams/questions/gcse/higher/p2/edexcel-1ma1-2h-2018-november-q9.pdf,4511eb72d2c572aa3a1a5d0ffd1ba4b593c5c7b2f950b2cfe66208b22d2a0827,PDF text,True
edexcel-1ma1-2h-2018-november-q10,"Ratio, Proportion and Rates of Change",Percentages and multipliers,Number,Percentage increase and decrease,Number,Percentage increase and decrease,exams/questions/gcse/higher/p2/edexcel-1ma1-2h-2018-november-q10.pdf,bc7daf1ba49f0bec867e4f329800a15aaae56b1eaa1a56ce7b2c78c0e98993d5,PDF text,True
edexcel-1ma1-2h-2018-november-q11,Number,Product rule for counting,Probability,Product rule for counting,Probability,Product rule for counting,exams/questions/gcse/higher/p2/edexcel-1ma1-2h-2018-november-q11.pdf,0f3c6c4bb6950bb179d7d5358911f4c725dee52d6ed618dc670a0056a8775644,PDF text,True
edexcel-1ma1-2h-2018-november-q12,Number,Fractions and mixed numbers,Algebra,Algebraic fractions,Algebra,Algebraic fractions,exams/questions/gcse/higher/p2/edexcel-1ma1-2h-2018-november-q12.pdf,8acead8dce82aa288b8426f31bbc2c6449696ee2440851689c442bf7dfa8fbac,PDF text,True
edexcel-1ma1-2h-2018-november-q13,Geometry and Measures,Circle theorems,Geometry and Measures,Area of a triangle using 1/2 ab sin C,Geometry and Measures,Area of a triangle using 1/2 ab sin C,exams/questions/gcse/higher/p2/edexcel-1ma1-2h-2018-november-q13.pdf,07573d3d328c12cd4058a581ff4982d2bd3ab13ad21a77ef655a7c1ca5259698,PDF text and visual,True
edexcel-1ma1-2h-2018-november-q14,Algebra,Graphs and equations,Algebra,Exponential graphs,Algebra,Exponential graphs,exams/questions/gcse/higher/p2/edexcel-1ma1-2h-2018-november-q14.pdf,c1974c7ab8cac6e38cce7cff554a92c0005d6a14ad2ab1a22b0efca9ac4c254e,PDF text and visual,True
edexcel-1ma1-2h-2018-november-q15,Algebra,Solving equations,Algebra,Equation of a circle,Algebra,Equation of a circle,exams/questions/gcse/higher/p2/edexcel-1ma1-2h-2018-november-q15.pdf,2666bf2c4c53d53000f010f60edb93d7cf61cab7bcc1b28be02200b6ec345d61,PDF text,True
edexcel-1ma1-2h-2018-november-q16,Probability,Probability and combined events,Probability,Independent events,Probability,Independent events,exams/questions/gcse/higher/p2/edexcel-1ma1-2h-2018-november-q16.pdf,3c6278141e7dfa5d5076d237e4b9519e52b42c0c2cf664a3354984e693d54ae9,PDF text,True
edexcel-1ma1-2h-2018-november-q17,"Ratio, Proportion and Rates of Change",Ratios and sharing,Algebra,Forming and solving linear simultaneous equations,"Algebra | Ratio, Proportion and Rates of Change",Forming and solving linear simultaneous equations | Ratio problem solving,exams/questions/gcse/higher/p2/edexcel-1ma1-2h-2018-november-q17.pdf,feeb27f91178b00bb28ff75148e91e77780191f424f598ad1f7564d8f421d28f,PDF text,True
edexcel-1ma1-2h-2018-november-q18,Algebra,Straight-line graphs and equations,Algebra,Forming and solving linear simultaneous equations,Algebra,Forming and solving linear simultaneous equations | Equation of a straight line,exams/questions/gcse/higher/p2/edexcel-1ma1-2h-2018-november-q18.pdf,dc42ab251f985fa867617e76222a983174250716bcf1b7b9369a65d2b365bd33,PDF text,True
edexcel-1ma1-2h-2018-november-q19,Algebra,Solving equations,Algebra,Quadratic inequalities,Algebra,Quadratic inequalities | Compound inequalities,exams/questions/gcse/higher/p2/edexcel-1ma1-2h-2018-november-q19.pdf,71ff8254782efd6901012ae1abf65e968b053bd9e5cf6aab57e07ca1380808df,PDF text and visual,True
edexcel-1ma1-2h-2018-november-q20,"Ratio, Proportion and Rates of Change","Density, mass and volume","Ratio, Proportion and Rates of Change",Density,"Ratio, Proportion and Rates of Change",Density,exams/questions/gcse/higher/p2/edexcel-1ma1-2h-2018-november-q20.pdf,25a50545d9db5223e7f5e8b829d65df275c5fc60476fd572659b924ef00a1f09,PDF text,True
edexcel-1ma1-2h-2018-november-q21,Geometry and Measures,Circle theorems,Geometry and Measures,Circle theorems,Geometry and Measures,Circle theorems,exams/questions/gcse/higher/p2/edexcel-1ma1-2h-2018-november-q21.pdf,c7a3afa6c53595117957e1dd060a81bc14a1917a3002788db74db3949311c527,PDF text,False
edexcel-1ma1-2h-2019-june-q1,Algebra,Solving equations,Algebra,Compound inequalities,Algebra,Compound inequalities,exams/questions/gcse/higher/p2/edexcel-1ma1-2h-2019-june-q1.pdf,9eb1492a143bb26bd1ca4a7a0c6ed6bbb4fd5347c2e8eeb8ce9a7debc65f9572,PDF text,True
edexcel-1ma1-2h-2019-june-q2,Algebra,Graphs and equations,Algebra,Linear graphs,Algebra,Linear graphs,exams/questions/gcse/higher/p2/edexcel-1ma1-2h-2019-june-q2.pdf,a6adcf56340f181ca782c0612c6555314895f9f7ac9acbddd5dce706e19bbdf0,PDF text,True
edexcel-1ma1-2h-2019-june-q3,Statistics,Sampling and statistical estimates,Statistics,Sampling,Statistics,Sampling,exams/questions/gcse/higher/p2/edexcel-1ma1-2h-2019-june-q3.pdf,abf4f6d0f4105c35e951dfcdd276797585a618c085e04c5d89bad86ac323d466,PDF text,True
edexcel-1ma1-2h-2019-june-q4,Geometry and Measures,Volume and surface area,Geometry and Measures,Volume,Geometry and Measures,Volume,exams/questions/gcse/higher/p2/edexcel-1ma1-2h-2019-june-q4.pdf,4b25a7ed795c29e9a6b248fe9376e71bef27de374ea8184f02db8de4cb342c1b,PDF text,True
edexcel-1ma1-2h-2019-june-q5,Geometry and Measures,Trigonometry,Geometry and Measures,Right-angled trigonometry,Geometry and Measures,Right-angled trigonometry,exams/questions/gcse/higher/p2/edexcel-1ma1-2h-2019-june-q5.pdf,584e739cebdbf549ed93097ccc7e7fbd368a176cf17dc65dd1b75d00c6389546,PDF text,True
edexcel-1ma1-2h-2019-june-q6,Number,Bounds and error intervals,Number,Error intervals,Number,Error intervals,exams/questions/gcse/higher/p2/edexcel-1ma1-2h-2019-june-q6.pdf,95c2094adbc922ba08c76bd9a737cb82ca450b98d20a98f6bd4b07546097404c,PDF text,True
edexcel-1ma1-2h-2019-june-q7,"Ratio, Proportion and Rates of Change",Ratios and sharing,"Ratio, Proportion and Rates of Change",Sharing in a ratio,"Ratio, Proportion and Rates of Change",Sharing in a ratio,exams/questions/gcse/higher/p2/edexcel-1ma1-2h-2019-june-q7.pdf,93ec8a65e52c5f5e7f5a570686e268e3de4fa007df1c799b5c55a4cdb4f62797,PDF text,True
edexcel-1ma1-2h-2019-june-q8,Number,Standard form,Number,Standard form,Number,Standard form,exams/questions/gcse/higher/p2/edexcel-1ma1-2h-2019-june-q8.pdf,31982d60c85b82bc08b94b8c8675c6c7ca1188485c5ff243aaa56a8b75446a4d,PDF text,False
edexcel-1ma1-2h-2019-june-q9,Geometry and Measures,Area and perimeter,Geometry and Measures,Similarity,Geometry and Measures,Similarity,exams/questions/gcse/higher/p2/edexcel-1ma1-2h-2019-june-q9.pdf,d39f1849b16135cf0c8272844b3ce99cae21ae90c8cf6da4b5ab9fa5181cb979,PDF text,True
edexcel-1ma1-2h-2019-june-q10,Probability,Tree diagrams and conditional probability,Probability,Tree diagrams,Probability,Tree diagrams,exams/questions/gcse/higher/p2/edexcel-1ma1-2h-2019-june-q10.pdf,18a3b9b0375bfb174c3e00eaff4dff61c1a4513093adcfd6170b1f3ba4430071,PDF text,True
edexcel-1ma1-2h-2019-june-q11,Statistics,Cumulative frequency and quartiles,Statistics,Cumulative frequency,Statistics,Cumulative frequency,exams/questions/gcse/higher/p2/edexcel-1ma1-2h-2019-june-q11.pdf,6f0f39fdbf0f6751da9ccf9eaa6997c3ac0fe34bd7f2780b462803b754357fbe,PDF text,True
edexcel-1ma1-2h-2019-june-q12,Geometry and Measures,Arc length and sector area,Geometry and Measures,Arc length,Geometry and Measures,Arc length,exams/questions/gcse/higher/p2/edexcel-1ma1-2h-2019-june-q12.pdf,7eca7343d479093aad3de7a2f5a5478a87347a404e6f3565ebec75cbcea8f1c7,PDF text,True
edexcel-1ma1-2h-2019-june-q13,Algebra,Algebraic fractions,Algebra,Algebraic fractions,Algebra,Algebraic fractions,exams/questions/gcse/higher/p2/edexcel-1ma1-2h-2019-june-q13.pdf,88568d94cf11b3187213909045bb7813db97ae65bf1b550bfa00d764b5464cde,PDF text,False
edexcel-1ma1-2h-2019-june-q14,"Ratio, Proportion and Rates of Change","Speed, distance and time","Ratio, Proportion and Rates of Change",Velocity-time graphs,"Ratio, Proportion and Rates of Change",Velocity-time graphs,exams/questions/gcse/higher/p2/edexcel-1ma1-2h-2019-june-q14.pdf,c1bdbe3d017d107f2a5fbc15cc9b1809ec055badd4b16ae2c667bdf4e8de8dcc,PDF text,True
edexcel-1ma1-2h-2019-june-q15,Algebra,Rearranging formulae,Algebra,Rearranging formulae,Algebra,Rearranging formulae,exams/questions/gcse/higher/p2/edexcel-1ma1-2h-2019-june-q15.pdf,f009ffa46b3cc50d2f1cb689e5a1bc71bef9fd0e780a8fde60324dae02c1b614,PDF text,False
edexcel-1ma1-2h-2019-june-q16,Algebra,Straight-line graphs and equations,Algebra,Parallel and perpendicular lines,Algebra,Parallel and perpendicular lines,exams/questions/gcse/higher/p2/edexcel-1ma1-2h-2019-june-q16.pdf,108d2ab226439c2e051b1129f3da42d5ea6000c77686235de81e1ee63e19c0bc,PDF text,True
edexcel-1ma1-2h-2019-june-q17,"Ratio, Proportion and Rates of Change",Ratios and sharing,"Ratio, Proportion and Rates of Change",Ratio problem solving,"Ratio, Proportion and Rates of Change",Ratio problem solving,exams/questions/gcse/higher/p2/edexcel-1ma1-2h-2019-june-q17.pdf,57b45945fbadad562651454f16485777adf13ffcf1c8175e7f493367b2f7bceb,PDF text,True
edexcel-1ma1-2h-2019-june-q18,Geometry and Measures,Polygons and angle reasoning,Geometry and Measures,Circle theorems,Geometry and Measures,Circle theorems,exams/questions/gcse/higher/p2/edexcel-1ma1-2h-2019-june-q18.pdf,0b4ab45d36803a1d7da98ad2ce1a85d3e98384e5071b1726178df3eb56519056,PDF text,True
edexcel-1ma1-2h-2019-june-q19,Geometry and Measures,Volume and surface area,Geometry and Measures,Right-angled trigonometry,Geometry and Measures,Right-angled trigonometry,exams/questions/gcse/higher/p2/edexcel-1ma1-2h-2019-june-q19.pdf,bec0d432311727a88b0087ecdcc2d5c2cbb6359059c1ab54ad254125ae430d72,PDF text,True
edexcel-1ma1-2h-2019-june-q20,Algebra,Straight-line graphs and equations,Geometry and Measures,Vector geometry,Geometry and Measures,Vector geometry,exams/questions/gcse/higher/p2/edexcel-1ma1-2h-2019-june-q20.pdf,092646ad715745042174198e3e8d7931b1c28d370a64f6fc5eede27b54c58944,PDF text,True
edexcel-1ma1-2h-2019-november-q1,Statistics,Averages and grouped data,Statistics,Frequency polygons,Statistics,Frequency polygons,exams/questions/gcse/higher/p2/edexcel-1ma1-2h-2019-november-q1.pdf,d31fc62b5eb498637b432c7791bc84ee5d6ad2f65bdf87f42def1197a9f37ae3,PDF text,True
edexcel-1ma1-2h-2019-november-q2,Number,Bounds and error intervals,Number,Error intervals,Number,Error intervals,exams/questions/gcse/higher/p2/edexcel-1ma1-2h-2019-november-q2.pdf,9eaabb3d8983f25a90bef6ef572cd3b0f5c5a1886b609671b6d5d34f3bdcdde4,PDF text,True
edexcel-1ma1-2h-2019-november-q3,"Ratio, Proportion and Rates of Change",Ratios and sharing,"Ratio, Proportion and Rates of Change",Ratio problem solving,"Ratio, Proportion and Rates of Change",Ratio problem solving,exams/questions/gcse/higher/p2/edexcel-1ma1-2h-2019-november-q3.pdf,15e23cbe537c9b53e696367eba614d4bd00f9d8a3f675b31dbb098081778f528,PDF text,True
edexcel-1ma1-2h-2019-november-q4,Statistics,Sampling and statistical estimates,Statistics,Sampling,Statistics,Sampling,exams/questions/gcse/higher/p2/edexcel-1ma1-2h-2019-november-q4.pdf,5756220a3562ee9e70e0b3623d2acc66ae9f9e8b67526577f3ad2b7bafd0e51d,PDF text,True
edexcel-1ma1-2h-2019-november-q5,Algebra,Graphs and equations,Algebra,Recognising graphs,Algebra,Recognising graphs,exams/questions/gcse/higher/p2/edexcel-1ma1-2h-2019-november-q5.pdf,1dbb3fca3acfec416a4c0e96e555bfce6018604886b0488e818ddb8d76986bbc,PDF text,True
edexcel-1ma1-2h-2019-november-q6,Algebra,Sequences and nth terms,Algebra,Quadratic sequences,Algebra,Quadratic sequences,exams/questions/gcse/higher/p2/edexcel-1ma1-2h-2019-november-q6.pdf,d370fa0f6f172d479b4ac239a2bb66a27192ebd52ddefc1bd4114aacc73644c0,PDF text and visual,True
edexcel-1ma1-2h-2019-november-q7,Number,Standard form,Number,Standard form calculations,Number,Standard form calculations,exams/questions/gcse/higher/p2/edexcel-1ma1-2h-2019-november-q7.pdf,2e9af8323cabc3c1112ed13be42ada4ffdc865d3f715217fb8c85859e6dc61c9,PDF text,True
edexcel-1ma1-2h-2019-november-q8,"Ratio, Proportion and Rates of Change",Inverse proportion and work rates,"Ratio, Proportion and Rates of Change",Inverse proportion,"Ratio, Proportion and Rates of Change",Inverse proportion,exams/questions/gcse/higher/p2/edexcel-1ma1-2h-2019-november-q8.pdf,8cf13176bb553907ca600b8f0d1cea45a56987643a47cadf9de73cb5fdcf9dfa,PDF text,True
edexcel-1ma1-2h-2019-november-q9,Geometry and Measures,Volume and surface area,Geometry and Measures,Surface area,Geometry and Measures,Surface area,exams/questions/gcse/higher/p2/edexcel-1ma1-2h-2019-november-q9.pdf,9e0ea2afab121bce9d81a6f5a5e92523513a86872af443fc150a316592087bad,PDF text,True
edexcel-1ma1-2h-2019-november-q10,Algebra,Rearranging formulae,Algebra,Rearranging formulae,Algebra,Rearranging formulae,exams/questions/gcse/higher/p2/edexcel-1ma1-2h-2019-november-q10.pdf,1af52ee4f8aa35b02ac3f8004b3e7155719376a465705cc9f2099d5a1b4acf34,PDF text,False
edexcel-1ma1-2h-2019-november-q11,Statistics,Cumulative frequency and quartiles,Statistics,Box plots,Statistics,Box plots,exams/questions/gcse/higher/p2/edexcel-1ma1-2h-2019-november-q11.pdf,dd9ed93c7718f86a1eccbd53db616bb48393a3df5a26d4c9a732338d9f8a05e2,PDF text,True
edexcel-1ma1-2h-2019-november-q12,Geometry and Measures,Polygons and angle reasoning,Geometry and Measures,Right-angled trigonometry,Geometry and Measures,Right-angled trigonometry,exams/questions/gcse/higher/p2/edexcel-1ma1-2h-2019-november-q12.pdf,d614ebed97273343733512c9daa515ac8ecaf86cb14074a8fa2b0416c52e653c,PDF text,True
edexcel-1ma1-2h-2019-november-q13,"Ratio, Proportion and Rates of Change",Compound interest and repeated change,Number,Compound interest,Number,Compound interest,exams/questions/gcse/higher/p2/edexcel-1ma1-2h-2019-november-q13.pdf,07d78f5b7eb846b4bf50a0ecdd1daddd173367ccdad86513f2118d7a6cbab88a,PDF text,True
edexcel-1ma1-2h-2019-november-q14,Number,Product rule for counting,Probability,Product rule for counting,Probability,Product rule for counting,exams/questions/gcse/higher/p2/edexcel-1ma1-2h-2019-november-q14.pdf,bdb4c553803ebb840ec3e3624dbf12ade6d05e822a85bbf36262bdc53da28429,PDF text,True
edexcel-1ma1-2h-2019-november-q15,Algebra,Expanding and simplifying expressions,Algebra,Expanding three brackets,Algebra,Expanding three brackets,exams/questions/gcse/higher/p2/edexcel-1ma1-2h-2019-november-q15.pdf,804d18c46f66dcbc434cd3c60eddeb9c55effb90d28c1af235bd3fadf1f9ce07,PDF text,True
edexcel-1ma1-2h-2019-november-q16,Probability,Probability and combined events,Probability,Probability without replacement,Probability,Probability without replacement,exams/questions/gcse/higher/p2/edexcel-1ma1-2h-2019-november-q16.pdf,acc2ba4d13dcd95f278701c4c7c88b04b4ac2ec7cd85ffd7e45326ff2190fa51,PDF text,True
edexcel-1ma1-2h-2019-november-q17,Geometry and Measures,Circle theorems,Geometry and Measures,Circle theorems,Geometry and Measures,Circle theorems,exams/questions/gcse/higher/p2/edexcel-1ma1-2h-2019-november-q17.pdf,4584a122bc511898ba9177e751e61f52f231da9fd60665236744a9dadfc8af16,PDF text,False
edexcel-1ma1-2h-2019-november-q18,Statistics,Histograms,Statistics,Histograms,Statistics,Histograms,exams/questions/gcse/higher/p2/edexcel-1ma1-2h-2019-november-q18.pdf,495dcd752c4278eae375403faa35578bfa25c128f0c685833ed52ffdb7b8ac78,PDF text,False
edexcel-1ma1-2h-2019-november-q19,Geometry and Measures,Volume and surface area,Geometry and Measures,Volume,Geometry and Measures,Volume,exams/questions/gcse/higher/p2/edexcel-1ma1-2h-2019-november-q19.pdf,3c1660e02f048ddb69c26e1c3c4a986931ec6a0bed17142e58dddbae3b960145,PDF text,True
edexcel-1ma1-2h-2019-november-q20,Number,Bounds and error intervals,Number,Bounds,Number,Bounds,exams/questions/gcse/higher/p2/edexcel-1ma1-2h-2019-november-q20.pdf,7e7d5d988d3db6ef6bd37f807aa7b79fd64a23518b4973f376799b57dccacfe7,PDF text,True
edexcel-1ma1-2h-2019-november-q21,"Ratio, Proportion and Rates of Change","Speed, distance and time","Ratio, Proportion and Rates of Change",Velocity-time graphs,"Ratio, Proportion and Rates of Change",Velocity-time graphs,exams/questions/gcse/higher/p2/edexcel-1ma1-2h-2019-november-q21.pdf,56d133e38455077172ead8bf1301c926df4d7b1b4a4f3f7a0348c7f80b3afdb8,PDF text,True
edexcel-1ma1-2h-2019-november-q22,"Ratio, Proportion and Rates of Change",Growth and decay using recurrence relations,"Ratio, Proportion and Rates of Change",Compound growth and decay,"Ratio, Proportion and Rates of Change",Compound growth and decay,exams/questions/gcse/higher/p2/edexcel-1ma1-2h-2019-november-q22.pdf,bf61b649633755040453db90c2dabfdd229caaf7429dcfeaba4067d953f04ca1,PDF text,True
edexcel-1ma1-2h-2019-november-q23,Geometry and Measures,Vectors and geometric proof,Algebra,Quadratic inequalities,Algebra,Quadratic inequalities,exams/questions/gcse/higher/p2/edexcel-1ma1-2h-2019-november-q23.pdf,76dc4a059a9e6d462507a663ba90f9540d587f45b20ad297ec866d670c0e7baa,PDF text,True
edexcel-1ma1-2h-2019-november-q24,Geometry and Measures,Transformations,Geometry and Measures,Transformations,Geometry and Measures,Transformations | Reflections | Rotations,exams/questions/gcse/higher/p2/edexcel-1ma1-2h-2019-november-q24.pdf,de8ab57b0aad527de4f21b0028f533d765434442a23498547d72d80979b69852,PDF text and visual,True
edexcel-1ma1-2h-2019-november-q25,Geometry and Measures,Polygons and angle reasoning,Algebra,Parallel and perpendicular lines,Algebra,Parallel and perpendicular lines,exams/questions/gcse/higher/p2/edexcel-1ma1-2h-2019-november-q25.pdf,652b83d9060f8a22dc5dcafd9c15ef12cca4c3f3ded302c2f901c7403f4aedca,PDF text,True
edexcel-1ma1-2h-2020-november-q1,Number,"Prime factors, HCF and LCM",Number,HCF and LCM,Number,HCF and LCM,exams/questions/gcse/higher/p2/edexcel-1ma1-2h-2020-november-q1.pdf,9cb4cd3d474a2d25985867f3270bbb53f0b3a82bd294620e6acaac8a2043000a,PDF text,True
edexcel-1ma1-2h-2020-november-q2,Probability,Venn diagrams and set notation,Probability,Venn diagrams,Probability,Venn diagrams,exams/questions/gcse/higher/p2/edexcel-1ma1-2h-2020-november-q2.pdf,7350198000147874a34d63d4facab0157c7d95f2968a86f91fbbedd6f3af79e1,PDF text,True
edexcel-1ma1-2h-2020-november-q3,"Ratio, Proportion and Rates of Change",Percentages and multipliers,"Ratio, Proportion and Rates of Change",Ratio problem solving,"Ratio, Proportion and Rates of Change",Ratio problem solving,exams/questions/gcse/higher/p2/edexcel-1ma1-2h-2020-november-q3.pdf,5072cf102f2026aad84201dcd84fcbb0547b59375aa843f5989b3918265a4a72,PDF text,True
edexcel-1ma1-2h-2020-november-q4,Algebra,Graphs and equations,Algebra,Cubic graphs,Algebra,Cubic graphs,exams/questions/gcse/higher/p2/edexcel-1ma1-2h-2020-november-q4.pdf,cf6b89999376ad88e7f3c08f34ce272669c129d6367e4e38ea2d683186ec96eb,PDF text,True
edexcel-1ma1-2h-2020-november-q5,Geometry and Measures,Right-angled trigonometry,Geometry and Measures,Right-angled trigonometry,Geometry and Measures,Right-angled trigonometry,exams/questions/gcse/higher/p2/edexcel-1ma1-2h-2020-november-q5.pdf,04cbe5d595c68f5e7133b34a99a7bb7feae5dfd56152df6dbcc2690f5c1212fc,PDF text,False
edexcel-1ma1-2h-2020-november-q6,Geometry and Measures,Vectors and geometric proof,Geometry and Measures,Vectors,Geometry and Measures,Vectors,exams/questions/gcse/higher/p2/edexcel-1ma1-2h-2020-november-q6.pdf,45681bc7cd8259b2b2657a72ea3041f77267010c105909d41d09b75502c11347,PDF text,True
edexcel-1ma1-2h-2020-november-q7,Geometry and Measures,Circle theorems,Geometry and Measures,Pythagoras,Geometry and Measures,Pythagoras,exams/questions/gcse/higher/p2/edexcel-1ma1-2h-2020-november-q7.pdf,af9ea2add851abdbcb4ebe199ca7302b92c71a355db064f3e81f737486ea9b61,PDF text,True
edexcel-1ma1-2h-2020-november-q8,"Ratio, Proportion and Rates of Change",Compound interest and repeated change,Number,Compound interest,Number,Compound interest,exams/questions/gcse/higher/p2/edexcel-1ma1-2h-2020-november-q8.pdf,f3dd14d9df419ac45fb057193c48ebeacb0e979cf68244042f663952347bd266,PDF text,True
edexcel-1ma1-2h-2020-november-q9,Statistics,Cumulative frequency and quartiles,Statistics,Box plots,Statistics,Box plots,exams/questions/gcse/higher/p2/edexcel-1ma1-2h-2020-november-q9.pdf,aa48b99c0c16272bf4b484ea7718f512937aea5bf83815ba51359f8406c06443,PDF text,True
edexcel-1ma1-2h-2020-november-q10,Algebra,Simplifying algebraic expressions,Number,Laws of indices,Number,Laws of indices,exams/questions/gcse/higher/p2/edexcel-1ma1-2h-2020-november-q10.pdf,36b37c7ffc1c55e20f42195d27c883ea0c137aa64761391083c07e64c2241ac0,PDF text,True
edexcel-1ma1-2h-2020-november-q11,Number,Product rule for counting,Probability,Product rule for counting,Probability,Product rule for counting,exams/questions/gcse/higher/p2/edexcel-1ma1-2h-2020-november-q11.pdf,8e3cba4b7bdb72173fca1e338aafe803e8fb83426e20cffcac65797ff4ce616e,PDF text,True
edexcel-1ma1-2h-2020-november-q12,Geometry and Measures,Volume and surface area,Algebra,Gradient,Algebra,Gradient,exams/questions/gcse/higher/p2/edexcel-1ma1-2h-2020-november-q12.pdf,c81ec050acd6c233080ce32c53dcac43b88106fb3674b0f9e82a9d371a233768,PDF text,True
edexcel-1ma1-2h-2020-november-q13,Geometry and Measures,Trigonometry,Geometry and Measures,Sine rule,Geometry and Measures,Sine rule,exams/questions/gcse/higher/p2/edexcel-1ma1-2h-2020-november-q13.pdf,c238a36ff32d1148301356956eeab6ea50e2a53d212aae566bda78cc778fc7e5,PDF text and visual,True
edexcel-1ma1-2h-2020-november-q14,Geometry and Measures,Area and perimeter,Algebra,Forming equations,Algebra,Forming equations,exams/questions/gcse/higher/p2/edexcel-1ma1-2h-2020-november-q14.pdf,c253cf6a5be9b0bc99011b0fe4c73d567d15d8e5c247052f39b512e192407edb,PDF text,True
edexcel-1ma1-2h-2020-november-q15,Geometry and Measures,Transformations,Geometry and Measures,Rotations,Geometry and Measures,Rotations,exams/questions/gcse/higher/p2/edexcel-1ma1-2h-2020-november-q15.pdf,8548dba1a60162a9ff486cd86fab9031a565a8bdc08618088de0b0763c846ec5,PDF text and visual,True
edexcel-1ma1-2h-2020-november-q16,Algebra,Sequences and nth terms,Algebra,Quadratic sequences,Algebra,Quadratic sequences,exams/questions/gcse/higher/p2/edexcel-1ma1-2h-2020-november-q16.pdf,2d85c11d860ba9211a9b670b2b9c9dbc2ba1ce436d307fc25ae6a826c28f5d16,PDF text and visual,True
edexcel-1ma1-2h-2020-november-q17,Algebra,Quadratic equations and graphs,Algebra,Quadratic graphs,Algebra,Quadratic graphs,exams/questions/gcse/higher/p2/edexcel-1ma1-2h-2020-november-q17.pdf,6ad68c81d6559b631c0c1c0449bf2461a2957b5a9278fd92e68fae3730bd8bed,PDF text,True
edexcel-1ma1-2h-2020-november-q18,Geometry and Measures,Volume and surface area,Geometry and Measures,Surface area,Geometry and Measures,Surface area,exams/questions/gcse/higher/p2/edexcel-1ma1-2h-2020-november-q18.pdf,bb9f6a71dbb3baaa7a54076f14086e9daf93669c6bbf7a7ad1ce106f02bd875f,PDF text,True
edexcel-1ma1-2h-2020-november-q19,"Ratio, Proportion and Rates of Change",Growth and decay using recurrence relations,"Ratio, Proportion and Rates of Change",Compound growth and decay,"Ratio, Proportion and Rates of Change",Compound growth and decay,exams/questions/gcse/higher/p2/edexcel-1ma1-2h-2020-november-q19.pdf,a3a7c027b6cc843c4eb6e536bbf7b459f0e647b3545bdba0169c3deed82a2aed,PDF text,True
edexcel-1ma1-2h-2020-november-q20,Probability,Probability and combined events,Probability,Probability without replacement,Probability,Probability without replacement,exams/questions/gcse/higher/p2/edexcel-1ma1-2h-2020-november-q20.pdf,8f4f6f390c462bd2a894c0a38b022a56efe825d844adf483111e0a6fe4424410,PDF text,True
edexcel-1ma1-2h-2020-november-q21,Algebra,Graph transformations,Algebra,Graph transformations,Algebra,Graph transformations,exams/questions/gcse/higher/p2/edexcel-1ma1-2h-2020-november-q21.pdf,1b1e5cbee946d51042b8b0660556134fc0ad75cf4e665a57c5f32caf7236c6f6,PDF text,False
edexcel-1ma1-2h-2020-november-q22,Geometry and Measures,Circle theorems,Algebra,Equation of a circle,Algebra,Equation of a circle,exams/questions/gcse/higher/p2/edexcel-1ma1-2h-2020-november-q22.pdf,18316bf1d7001d4f31eac7d5a6ce747b0d5727ecc193ba7a24579ecc4745ddad,PDF text,True
edexcel-1ma1-2h-2021-november-q1,Algebra,Algebraic inequalities,Algebra,Compound inequalities,Algebra,Compound inequalities,exams/questions/gcse/higher/p2/edexcel-1ma1-2h-2021-november-q1.pdf,68b4b00490352aec9fb6b21c9a1fb00f96353859ba1169668f0c60c704264796,PDF text,True
edexcel-1ma1-2h-2021-november-q2,Number,"Prime factors, HCF and LCM",Number,HCF and LCM,Number,HCF and LCM,exams/questions/gcse/higher/p2/edexcel-1ma1-2h-2021-november-q2.pdf,b0f35f95a2483ad59d2eb1379be0d4b4e21c6b302152320f0bbbc53b4b6e23c1,PDF text,True
edexcel-1ma1-2h-2021-november-q3,"Ratio, Proportion and Rates of Change","Speed, distance and time","Ratio, Proportion and Rates of Change",Distance-time graphs,"Ratio, Proportion and Rates of Change",Distance-time graphs,exams/questions/gcse/higher/p2/edexcel-1ma1-2h-2021-november-q3.pdf,1391ee5b102c7da0607cfbec310898805ebd5be88ea4e45dccbd9d06389de0b8,PDF text,True
edexcel-1ma1-2h-2021-november-q4,Algebra,Quadratic graphs and graphical solutions,Algebra,Quadratic graphs,Algebra,Quadratic graphs,exams/questions/gcse/higher/p2/edexcel-1ma1-2h-2021-november-q4.pdf,6193ca373e26f1382a81b4c3f71f2808ef24a69b67666aad5d6d5d783dbad5f0,PDF text,True
edexcel-1ma1-2h-2021-november-q5,Geometry and Measures,Trigonometry,Geometry and Measures,Pythagoras,Geometry and Measures,Pythagoras,exams/questions/gcse/higher/p2/edexcel-1ma1-2h-2021-november-q5.pdf,0c23a41af727565440e9b18e2a667032bcb0abb8ddf9d9ab7025c1acde20ab3f,PDF text,True
edexcel-1ma1-2h-2021-november-q6,Geometry and Measures,Polygons and angle reasoning,Geometry and Measures,Right-angled trigonometry,Geometry and Measures,Right-angled trigonometry,exams/questions/gcse/higher/p2/edexcel-1ma1-2h-2021-november-q6.pdf,208c45a21ddb6fd02a822ac24b9a00b4ca1339836e7f118a419ee837762962c1,PDF text,True
edexcel-1ma1-2h-2021-november-q7,"Ratio, Proportion and Rates of Change","Density, mass and volume","Ratio, Proportion and Rates of Change",Density,"Ratio, Proportion and Rates of Change",Density,exams/questions/gcse/higher/p2/edexcel-1ma1-2h-2021-november-q7.pdf,b4d2d0864224f8f804dc6e255a626dc3fd07b1a46f8c44a35db2d185d3a54413,PDF text,True
edexcel-1ma1-2h-2021-november-q8,Statistics,Cumulative frequency and quartiles,Statistics,Cumulative frequency,Statistics,Cumulative frequency,exams/questions/gcse/higher/p2/edexcel-1ma1-2h-2021-november-q8.pdf,f95c35cdcac87a771a6dd1392b7ac9982f528990b9abb1ff94649eea4681c2c1,PDF text,True
edexcel-1ma1-2h-2021-november-q9,Statistics,Cumulative frequency and quartiles,Statistics,Box plots,Statistics,Box plots,exams/questions/gcse/higher/p2/edexcel-1ma1-2h-2021-november-q9.pdf,9f6eb4ae6ca26cddbbc003685671b5aa058b9dfe8a26f845e8654eedca376955,PDF text,True
edexcel-1ma1-2h-2021-november-q10,"Ratio, Proportion and Rates of Change",Compound interest and repeated change,Number,Compound interest,Number,Compound interest,exams/questions/gcse/higher/p2/edexcel-1ma1-2h-2021-november-q10.pdf,2c966740ac6bcc669e55c94e23bd25391fd6c14164a373498102f045a0f157ff,PDF text,True
edexcel-1ma1-2h-2021-november-q11,Algebra,Straight-line graphs and equations,Algebra,Parallel and perpendicular lines,Algebra,Parallel and perpendicular lines,exams/questions/gcse/higher/p2/edexcel-1ma1-2h-2021-november-q11.pdf,6740fac66dac00515b708327a507d2cc31a20f6e20efcf7d593736a83c435627,PDF text,True
edexcel-1ma1-2h-2021-november-q12,Algebra,Expanding and simplifying expressions,Algebra,Expanding three brackets,Algebra,Expanding three brackets,exams/questions/gcse/higher/p2/edexcel-1ma1-2h-2021-november-q12.pdf,7816b1d09e88302dd890b71bda5b7b4b525e82876c7bbabde6e1ab5136af1d1b,PDF text,True
edexcel-1ma1-2h-2021-november-q13,Number,Product rule for counting,Probability,Product rule for counting,Probability,Product rule for counting,exams/questions/gcse/higher/p2/edexcel-1ma1-2h-2021-november-q13.pdf,255d4892ee9bafbd9f9f88b8e0d6aee2757d97212707f161e47f9dc09d857aab,PDF text,True
edexcel-1ma1-2h-2021-november-q14,Geometry and Measures,Circle theorems,Geometry and Measures,Circle theorems,Geometry and Measures,Circle theorems,exams/questions/gcse/higher/p2/edexcel-1ma1-2h-2021-november-q14.pdf,a8e16a5e304b1d21c5dbfb62786641095c5a9f8c1ed40e78daf7c7f4fcf1d69a,PDF text,False
edexcel-1ma1-2h-2021-november-q15,Geometry and Measures,Trigonometry,Geometry and Measures,Cosine rule,Geometry and Measures,Cosine rule | Area of a triangle using 1/2 ab sin C,exams/questions/gcse/higher/p2/edexcel-1ma1-2h-2021-november-q15.pdf,98f2d651410b2ea8a8ac42504f27efa04a780cdbaab7b63e65d29e6b0d1a9636,PDF text and visual,True
edexcel-1ma1-2h-2021-november-q16,Algebra,Iteration and numerical solutions,Algebra,Iteration,Algebra,Iteration,exams/questions/gcse/higher/p2/edexcel-1ma1-2h-2021-november-q16.pdf,eddd6590ff9c2ce6cf8d133fcdcd0d33bbef89bac7d2f238321a98b53c284d47,PDF text,True
edexcel-1ma1-2h-2021-november-q17,Statistics,Histograms,Statistics,Histograms,Statistics,Histograms,exams/questions/gcse/higher/p2/edexcel-1ma1-2h-2021-november-q17.pdf,595feb76ef1108baca56c62e3d04b284b36fe890ef1cd1ed413e7fd1ecbd9cb9,PDF text,False
edexcel-1ma1-2h-2021-november-q18,Geometry and Measures,Transformations,Geometry and Measures,Trigonometric equations,Geometry and Measures | Algebra,Trigonometric equations | Trigonometric graphs | Graph transformations,exams/questions/gcse/higher/p2/edexcel-1ma1-2h-2021-november-q18.pdf,270666c319052e12c6d012cb6a0f09e9bb5e91160051d7e0206263e18721be7d,PDF text,True
edexcel-1ma1-2h-2021-november-q19,Geometry and Measures,Volume and surface area,Geometry and Measures,Similarity,Geometry and Measures,Similarity,exams/questions/gcse/higher/p2/edexcel-1ma1-2h-2021-november-q19.pdf,1befaccfda117c16a8cf70976e0f635a1eeb4030f661029084b79842ef948e28,PDF text,True
edexcel-1ma1-2h-2021-november-q20,Probability,Probability and combined events,Probability,Conditional probability,Probability,Conditional probability,exams/questions/gcse/higher/p2/edexcel-1ma1-2h-2021-november-q20.pdf,acbb9a941d04c0748d14028dc0dc5a0ca3574cf1ae1dd7026abdf23822af03c9,PDF text,True
edexcel-1ma1-2h-2021-november-q21,Number,Bounds and error intervals,Number,Bounds,Number,Bounds,exams/questions/gcse/higher/p2/edexcel-1ma1-2h-2021-november-q21.pdf,89855d8d6c987ee67f7cc3908307886e1a38d1a4f14fb4e2db6fa9ac589ac906,PDF text,True
edexcel-1ma1-2h-2022-june-q1,Algebra,Factorising expressions,Algebra,Expanding and simplifying,Algebra | Number,Expanding and simplifying | Factorising | Laws of indices,exams/questions/gcse/higher/p2/edexcel-1ma1-2h-2022-june-q1.pdf,9a4685ca3c07f665065c0ddc249e7a07426ba579b0eb53b328e26f1c07df084b,PDF text,True
edexcel-1ma1-2h-2022-june-q2,Geometry and Measures,Transformations,Geometry and Measures,Translations,Geometry and Measures,Translations,exams/questions/gcse/higher/p2/edexcel-1ma1-2h-2022-june-q2.pdf,d163d61f2b884c81513a9d3569fa1d199acb8fba24fdb185a938be975dac7a77,PDF text and visual,True
edexcel-1ma1-2h-2022-june-q3,Number,Bounds and error intervals,Number,Error intervals,Number,Error intervals,exams/questions/gcse/higher/p2/edexcel-1ma1-2h-2022-june-q3.pdf,89dc99a81be93aa80eef18b7c4feb0384b8870a478e387f06513189236d0ce11,PDF text,True
edexcel-1ma1-2h-2022-june-q4,Geometry and Measures,Area and perimeter,Geometry and Measures,Area,Geometry and Measures,Area,exams/questions/gcse/higher/p2/edexcel-1ma1-2h-2022-june-q4.pdf,d39752e48b91a8d3e82d37a95f8085d718ca4f5ac6d0dd9227dcfaf69338ea6d,PDF text,True
edexcel-1ma1-2h-2022-june-q5,Algebra,Straight-line graphs and equations,Algebra,Coordinates,Algebra,Coordinates,exams/questions/gcse/higher/p2/edexcel-1ma1-2h-2022-june-q5.pdf,5c61b062060e543ebcc8220de7b5f35c79beac6c329e271ad2e337e80cea7ffc,PDF text,True
edexcel-1ma1-2h-2022-june-q6,"Ratio, Proportion and Rates of Change",Compound interest and repeated change,Number,Depreciation,Number,Depreciation,exams/questions/gcse/higher/p2/edexcel-1ma1-2h-2022-june-q6.pdf,bfa89b8a3338f96b2bd7c87002563eac13dd9fafd21359233a007143868948f3,PDF text,True
edexcel-1ma1-2h-2022-june-q7,"Ratio, Proportion and Rates of Change",Proportion and rates,"Ratio, Proportion and Rates of Change",Best buys,"Ratio, Proportion and Rates of Change",Best buys,exams/questions/gcse/higher/p2/edexcel-1ma1-2h-2022-june-q7.pdf,14024c4fb36605b08b9b7b556434da757655ba6fc7900b4808b4eb75100920be,PDF text,True
edexcel-1ma1-2h-2022-june-q8,Number,Calculator calculations and rounding,Number,Rounding,Number,Rounding,exams/questions/gcse/higher/p2/edexcel-1ma1-2h-2022-june-q8.pdf,f6eb10285ca1530349ba2179aac02f1a140e4d7f6bc486dea9718a10333339c5,PDF text,True
edexcel-1ma1-2h-2022-june-q9,"Ratio, Proportion and Rates of Change",Pressure and force,"Ratio, Proportion and Rates of Change",Pressure,"Ratio, Proportion and Rates of Change",Pressure,exams/questions/gcse/higher/p2/edexcel-1ma1-2h-2022-june-q9.pdf,7782c03f2898f9f5f83fd82b28e5478b709a1f2155fb1d3223c1b7c71d9a9aa5,PDF text,True
edexcel-1ma1-2h-2022-june-q10,Statistics,Cumulative frequency and quartiles,Statistics,Box plots,Statistics,Box plots,exams/questions/gcse/higher/p2/edexcel-1ma1-2h-2022-june-q10.pdf,520c75b2c98d557421cb2293732488783fad9050aaf168d3f44809481fe677e6,PDF text,True
edexcel-1ma1-2h-2022-june-q11,"Ratio, Proportion and Rates of Change",Inverse proportion and work rates,"Ratio, Proportion and Rates of Change",Inverse proportion,"Ratio, Proportion and Rates of Change",Inverse proportion,exams/questions/gcse/higher/p2/edexcel-1ma1-2h-2022-june-q11.pdf,95441e2de5930294ab5f0510c78250ddc42e0ec5a56a3ea6dd8ddc9b6c5bdc35,PDF text,True
edexcel-1ma1-2h-2022-june-q12,Algebra,Straight-line graphs and equations,Algebra,Parallel and perpendicular lines,Algebra,Parallel and perpendicular lines,exams/questions/gcse/higher/p2/edexcel-1ma1-2h-2022-june-q12.pdf,f18d038f9fc4302f292bbc329d14d38526d24cce25fa8801c6a8fa3d0d5a567d,PDF text,True
edexcel-1ma1-2h-2022-june-q13,Geometry and Measures,Similar shapes and scale factors,Geometry and Measures,Enlargements,Geometry and Measures,Enlargements,exams/questions/gcse/higher/p2/edexcel-1ma1-2h-2022-june-q13.pdf,6504e8ba0272f870f87f5132c676e627e483d86d585ea25da598eebe9076f760,PDF text,True
edexcel-1ma1-2h-2022-june-q14,Statistics,Capture-recapture estimates,Statistics,Capture-recapture,Statistics,Capture-recapture,exams/questions/gcse/higher/p2/edexcel-1ma1-2h-2022-june-q14.pdf,217a2c5ffb0300f55abcfbcad9621c4034ff3e71fd8912846624279d3d7d9e2d,PDF text,True
edexcel-1ma1-2h-2022-june-q15,"Ratio, Proportion and Rates of Change",Ratios and sharing,Algebra,Forming and solving linear simultaneous equations,"Algebra | Ratio, Proportion and Rates of Change",Forming and solving linear simultaneous equations | Ratio problem solving,exams/questions/gcse/higher/p2/edexcel-1ma1-2h-2022-june-q15.pdf,be974c230e9f71a925c74cc8d8b155a384c9ab60cca99086d4883f88769ea72f,PDF text,True
edexcel-1ma1-2h-2022-june-q16,Probability,Venn diagrams and set notation,Probability,Venn diagrams,Probability,Venn diagrams,exams/questions/gcse/higher/p2/edexcel-1ma1-2h-2022-june-q16.pdf,17e5548ead264ee324740da1829b4831809a16746ffb3e4fc1416d952b1970a7,PDF text,True
edexcel-1ma1-2h-2022-june-q17,Geometry and Measures,Volume and surface area,Geometry and Measures,Volume,Geometry and Measures,Volume,exams/questions/gcse/higher/p2/edexcel-1ma1-2h-2022-june-q17.pdf,757f42c0fa91f2da01ace8408ca25fa8123ced1caf9efa194edeee578454df99,PDF text,True
edexcel-1ma1-2h-2022-june-q18,Geometry and Measures,Trigonometry,Geometry and Measures,Sine rule,Geometry and Measures,Sine rule | Cosine rule,exams/questions/gcse/higher/p2/edexcel-1ma1-2h-2022-june-q18.pdf,c38fa8ffa5e0a08e1dc342a95eab513963554811e823e1df73705e7402fafa27,PDF text and visual,True
edexcel-1ma1-2h-2022-june-q19,Algebra,Functions and inverse functions,Algebra,Composite functions,Algebra,Composite functions,exams/questions/gcse/higher/p2/edexcel-1ma1-2h-2022-june-q19.pdf,fa7dbdb99128e1fed361b8d9e281733e419f6e02f0a9f1fa651c783cd1529707,PDF text,True
edexcel-1ma1-2h-2022-june-q20,Geometry and Measures,Circle theorems,Geometry and Measures,Circle theorems,Geometry and Measures,Circle theorems,exams/questions/gcse/higher/p2/edexcel-1ma1-2h-2022-june-q20.pdf,155022aabfc4ea09ba67cd5fb6256ca4bbecd4451dc060fe24dfc01258c8d79f,PDF text,False
edexcel-1ma1-2h-2022-june-q21,Algebra,Graph transformations,Algebra,Graph transformations,Algebra,Graph transformations,exams/questions/gcse/higher/p2/edexcel-1ma1-2h-2022-june-q21.pdf,79e0c9974546ca59f1f55666bed25b2ddc3528513874238799b6ae2a47bb3eda,PDF text,False
edexcel-1ma1-2h-2022-june-q22,Algebra,Quadratic inequalities,Algebra,Quadratic inequalities,Algebra,Quadratic inequalities,exams/questions/gcse/higher/p2/edexcel-1ma1-2h-2022-june-q22.pdf,3ab21585d8f829df68bd2c2dc2b1d69dbf4a8ce5316e734305ad554e10e0ca2a,PDF text,False
edexcel-1ma1-2h-2022-november-q1,Statistics,Scatter graphs and correlation,Statistics,Scatter graphs,Statistics,Scatter graphs,exams/questions/gcse/higher/p2/edexcel-1ma1-2h-2022-november-q1.pdf,840200275dae1b8c51779b9cf2d10111e6c2695df900ed1d4ea17209c89580c5,PDF text,True
edexcel-1ma1-2h-2022-november-q2,Geometry and Measures,Plans and elevations,Geometry and Measures,Plans and elevations,Geometry and Measures,Plans and elevations,exams/questions/gcse/higher/p2/edexcel-1ma1-2h-2022-november-q2.pdf,8d8ca2a7d0cf654f23c75275feeb37b05a027204416d24b5dd92ba971d07bbc7,PDF text,False
edexcel-1ma1-2h-2022-november-q3,Algebra,Sequences and nth terms,Algebra,Arithmetic sequences,Algebra,Arithmetic sequences,exams/questions/gcse/higher/p2/edexcel-1ma1-2h-2022-november-q3.pdf,93704af91bda47f3cba24e943854fb5920b24bc25a8463590faea0d427555a05,PDF text,True
edexcel-1ma1-2h-2022-november-q4,Geometry and Measures,Circle theorems,Geometry and Measures,Area,Geometry and Measures,Area,exams/questions/gcse/higher/p2/edexcel-1ma1-2h-2022-november-q4.pdf,02a0deb021cdf09fe223ef3d41b09ac56e26947c2f09cb73bd469a65b4377a96,PDF text,True
edexcel-1ma1-2h-2022-november-q5,Geometry and Measures,Right-angled trigonometry,Geometry and Measures,Right-angled trigonometry,Geometry and Measures,Right-angled trigonometry,exams/questions/gcse/higher/p2/edexcel-1ma1-2h-2022-november-q5.pdf,89cc7d9ee3377946ff8d299f8005e60760cf76c414f39c24db1efbefcf5b3aa9,PDF text,False
edexcel-1ma1-2h-2022-november-q6,"Ratio, Proportion and Rates of Change",Compound interest and repeated change,Number,Compound interest,Number,Compound interest,exams/questions/gcse/higher/p2/edexcel-1ma1-2h-2022-november-q6.pdf,e4e21a68fc96f84e7505b61d75a5811e32c4e8056a499eb8380060354fa4dcd1,PDF text,True
edexcel-1ma1-2h-2022-november-q7,Algebra,Quadratic graphs and graphical solutions,Algebra,Quadratic graphs,Algebra,Quadratic graphs,exams/questions/gcse/higher/p2/edexcel-1ma1-2h-2022-november-q7.pdf,d23110557248af2a61af79820417a48d848609203519a1ae48566f74e7fcda0d,PDF text,True
edexcel-1ma1-2h-2022-november-q8,"Ratio, Proportion and Rates of Change",Percentages and multipliers,Number,Percentage increase and decrease,Number,Percentage increase and decrease,exams/questions/gcse/higher/p2/edexcel-1ma1-2h-2022-november-q8.pdf,263a1cc8f4abdaa4aac316eb2a418641b02238c96b72ea1742baab037b103d42,PDF text,True
edexcel-1ma1-2h-2022-november-q9,Algebra,Straight-line graphs and equations,Algebra,Parallel and perpendicular lines,Algebra,Parallel and perpendicular lines,exams/questions/gcse/higher/p2/edexcel-1ma1-2h-2022-november-q9.pdf,5cdf3b951e1c7d18def6f4a67f4e2c198901c7fc24a1e85151496e1223a0fea9,PDF text,True
edexcel-1ma1-2h-2022-november-q10,"Ratio, Proportion and Rates of Change",Compound interest and repeated change,Number,Depreciation,Number,Depreciation,exams/questions/gcse/higher/p2/edexcel-1ma1-2h-2022-november-q10.pdf,2d34accfdadfd4784c787d6a7a72493f7f4e6587e6028520a99530019e1de9a3,PDF text,True
edexcel-1ma1-2h-2022-november-q11,Statistics,Cumulative frequency and quartiles,Statistics,Box plots,Statistics,Box plots | Cumulative frequency,exams/questions/gcse/higher/p2/edexcel-1ma1-2h-2022-november-q11.pdf,01a261da6d9b885d14f924c87d8e6341ef88d8ab807536080d72827c6200a259,PDF text,True
edexcel-1ma1-2h-2022-november-q12,"Ratio, Proportion and Rates of Change",Growth and decay using recurrence relations,"Ratio, Proportion and Rates of Change",Compound growth and decay,"Ratio, Proportion and Rates of Change",Compound growth and decay,exams/questions/gcse/higher/p2/edexcel-1ma1-2h-2022-november-q12.pdf,42772774fd28ae048f3f0d3ee0a90da1650a1061eea4048544ec7a016ebc66de,PDF text,True
edexcel-1ma1-2h-2022-november-q13,Geometry and Measures,Pythagoras and lengths,Geometry and Measures,Pythagoras,Geometry and Measures,Pythagoras,exams/questions/gcse/higher/p2/edexcel-1ma1-2h-2022-november-q13.pdf,96b10c7e7e12fd8aa9162de388c6805b5781ef667dd806bdc57288c57ea796e8,PDF text,True
edexcel-1ma1-2h-2022-november-q14,Number,Recurring decimals as fractions,Number,Recurring decimals,Number,Recurring decimals,exams/questions/gcse/higher/p2/edexcel-1ma1-2h-2022-november-q14.pdf,b4df66d197bea6b389ae71ca56de0a8840e734b001ef7831b124cfaf5e5deec0,PDF text,True
edexcel-1ma1-2h-2022-november-q15,Statistics,Sampling and statistical estimates,Statistics,Capture-recapture,Statistics,Capture-recapture,exams/questions/gcse/higher/p2/edexcel-1ma1-2h-2022-november-q15.pdf,7c07f53988adda8820b61d7aecbcfe0eadb40eb81906238e4ca0444826b51e03,PDF text,True
edexcel-1ma1-2h-2022-november-q16,Algebra,Algebraic inequalities,Algebra,Linear inequalities,Algebra,Linear inequalities,exams/questions/gcse/higher/p2/edexcel-1ma1-2h-2022-november-q16.pdf,5fd50859dcf6b1ca4b69b797e9cac6cd946ad10a4b5b9fa891d7d3f3e90c8cc3,PDF text,True
edexcel-1ma1-2h-2022-november-q17,Geometry and Measures,Similar shapes and scale factors,Geometry and Measures,Similarity,Geometry and Measures,Similarity,exams/questions/gcse/higher/p2/edexcel-1ma1-2h-2022-november-q17.pdf,3224f56ddc4e3b8946f46f71d76e053eb0cc6757a9e8e21401c9e6a606cb2d9f,PDF text,True
edexcel-1ma1-2h-2022-november-q18,Geometry and Measures,Polygons and angle reasoning,Geometry and Measures,Area of a triangle using 1/2 ab sin C,Geometry and Measures,Area of a triangle using 1/2 ab sin C,exams/questions/gcse/higher/p2/edexcel-1ma1-2h-2022-november-q18.pdf,ea76e4b66787ed8979d4832575bee3cb9da6b4de09c0c17f75554b4ae8baac6a,PDF text and visual,True
edexcel-1ma1-2h-2022-november-q19,Algebra,Solving equations,Algebra,Quadratic equations by factorising,Algebra,Quadratic equations by factorising,exams/questions/gcse/higher/p2/edexcel-1ma1-2h-2022-november-q19.pdf,98161891dd19d334edb2c7de649cd22722aae64300424c4312a85dfbdbf0e4be,PDF text and visual,True
edexcel-1ma1-2h-2022-november-q20,Geometry and Measures,Volume and surface area,Geometry and Measures,Right-angled trigonometry,Geometry and Measures,Right-angled trigonometry,exams/questions/gcse/higher/p2/edexcel-1ma1-2h-2022-november-q20.pdf,28385ac8867a866006a9545785b115478eaaf2b16a295b3e3736fc022982f983,PDF text,True
edexcel-1ma1-2h-2022-november-q21,Geometry and Measures,Volume and surface area,Algebra,Gradient,Algebra,Gradient,exams/questions/gcse/higher/p2/edexcel-1ma1-2h-2022-november-q21.pdf,6c19ee5409010b992d680c3eec3b249818e363d26ffbbfb4f8813796e99bb895,PDF text,True
edexcel-1ma1-2h-2022-november-q22,Algebra,Functions and inverse functions,Algebra,Inverse functions,Algebra,Inverse functions,exams/questions/gcse/higher/p2/edexcel-1ma1-2h-2022-november-q22.pdf,1e2d1bc0bf2befe20bd194d1ce96e00e6d5376ea7cf1510e767d021fb23bcf5e,PDF text,True
edexcel-1ma1-2h-2022-november-q23,"Ratio, Proportion and Rates of Change","Speed, distance and time",Number,Bounds,Number,Bounds,exams/questions/gcse/higher/p2/edexcel-1ma1-2h-2022-november-q23.pdf,0de4ca88deb1870b55e057b1ff60175a44ad5cc1e704a3ac1b86b4fd3d8e1c77,PDF text,True
edexcel-1ma1-2h-2022-november-q24,Geometry and Measures,Circle theorems,Algebra,Parallel and perpendicular lines,Algebra,Parallel and perpendicular lines,exams/questions/gcse/higher/p2/edexcel-1ma1-2h-2022-november-q24.pdf,756fae6ddadffb02f3649458d5ee37d6ce121629d912e856d12439166a7c1d6b,PDF text,True
edexcel-1ma1-2h-2023-june-q1,"Ratio, Proportion and Rates of Change",Ratios and sharing,Number,Calculator calculations,Number,Calculator calculations,exams/questions/gcse/higher/p2/edexcel-1ma1-2h-2023-june-q1.pdf,17a72588d8ffb6e5c6ee80e0579a7eac9028816f0d355a972311a38d2628ad1e,PDF text,True
edexcel-1ma1-2h-2023-june-q2,Number,"Prime factors, HCF and LCM",Number,Prime factors,Number,Prime factors,exams/questions/gcse/higher/p2/edexcel-1ma1-2h-2023-june-q2.pdf,5fad33af0366861eb52c604fe9e9f80f64f9d86405cc4e385dd101bd73cc32b3,PDF text,True
edexcel-1ma1-2h-2023-june-q3,"Ratio, Proportion and Rates of Change",Ratios and sharing,"Ratio, Proportion and Rates of Change",Sharing in a ratio,"Ratio, Proportion and Rates of Change",Sharing in a ratio,exams/questions/gcse/higher/p2/edexcel-1ma1-2h-2023-june-q3.pdf,a2d76929fd383f245173f1e19e8f788e2d0e97b247509d7f32d0f51850ad28ca,PDF text,True
edexcel-1ma1-2h-2023-june-q4,Algebra,Algebraic inequalities,Algebra,Compound inequalities,Algebra,Compound inequalities,exams/questions/gcse/higher/p2/edexcel-1ma1-2h-2023-june-q4.pdf,4d686af183e4500fe11cde0b6fcc9c4146179b3650e9344e775dfc3a83ce87fd,PDF text,True
edexcel-1ma1-2h-2023-june-q5,Geometry and Measures,Area and perimeter,Algebra,Forming equations,Algebra,Forming equations,exams/questions/gcse/higher/p2/edexcel-1ma1-2h-2023-june-q5.pdf,57a9b63ba5ffbdebf9ed7490fd6d524603f8a0e6838fde894faad938cd4a5be1,PDF text,True
edexcel-1ma1-2h-2023-june-q6,"Ratio, Proportion and Rates of Change",Percentages and multipliers,"Ratio, Proportion and Rates of Change",Sharing in a ratio,"Ratio, Proportion and Rates of Change",Sharing in a ratio,exams/questions/gcse/higher/p2/edexcel-1ma1-2h-2023-june-q6.pdf,d71a32377db10f691403086e210d8302a49fd8b059fb6b38534b5f26e96e81da,PDF text,True
edexcel-1ma1-2h-2023-june-q7,Number,Bounds and error intervals,Number,Error intervals,Number,Error intervals,exams/questions/gcse/higher/p2/edexcel-1ma1-2h-2023-june-q7.pdf,65cf39a7bcf3567471102d8d7ae0156d1fdcce30599537ef9303ce168a452c18,PDF text,True
edexcel-1ma1-2h-2023-june-q8,"Ratio, Proportion and Rates of Change",Compound interest and repeated change,"Ratio, Proportion and Rates of Change",Compound growth and decay,"Ratio, Proportion and Rates of Change",Compound growth and decay,exams/questions/gcse/higher/p2/edexcel-1ma1-2h-2023-june-q8.pdf,de635e5255b31440f4f6112b3b460149a1e74b259e5a0f247cda178d3fd416cc,PDF text,True
edexcel-1ma1-2h-2023-june-q9,Statistics,Cumulative frequency and quartiles,Statistics,Cumulative frequency,Statistics,Cumulative frequency,exams/questions/gcse/higher/p2/edexcel-1ma1-2h-2023-june-q9.pdf,023c1d1523caa2ba72281bac3d35effbbb703677797057b6d0262289c39efc95,PDF text,True
edexcel-1ma1-2h-2023-june-q10,Probability,Probability and combined events,Probability,Relative frequency,Probability,Relative frequency,exams/questions/gcse/higher/p2/edexcel-1ma1-2h-2023-june-q10.pdf,aaa0c94693c2677d23e70a42514d3cf6f45eebbc8eec664ff264bc8d2a215429,PDF text,True
edexcel-1ma1-2h-2023-june-q11,Algebra,Simultaneous equations,Algebra,Linear simultaneous equations,Algebra,Linear simultaneous equations,exams/questions/gcse/higher/p2/edexcel-1ma1-2h-2023-june-q11.pdf,8853e6e4b2b11bcb8e4c7346f507234049ad3af5a1eebd908ce32286b3a65918,PDF text,True
edexcel-1ma1-2h-2023-june-q12,Geometry and Measures,Circle theorems,Geometry and Measures,Pythagoras,Geometry and Measures,Pythagoras,exams/questions/gcse/higher/p2/edexcel-1ma1-2h-2023-june-q12.pdf,98a6843b688f9c12bee644654f3adfe547dd26a32aaf72e1f1c0586ce37e22df,PDF text,True
edexcel-1ma1-2h-2023-june-q13,Geometry and Measures,Polygons and angle reasoning,Geometry and Measures,Sine rule,Geometry and Measures,Sine rule,exams/questions/gcse/higher/p2/edexcel-1ma1-2h-2023-june-q13.pdf,9d4d391db00fa6547b777d5de8ff5ae5d8051cacf169a91cc40b71e3b95d50d5,PDF text and visual,True
edexcel-1ma1-2h-2023-june-q14,Algebra,Algebraic fractions,Algebra,Algebraic fractions,Algebra,Algebraic fractions,exams/questions/gcse/higher/p2/edexcel-1ma1-2h-2023-june-q14.pdf,431e247433ca9156039799d162472fec969bfe5d7b3b088c6ab2803b1df79022,PDF text,False
edexcel-1ma1-2h-2023-june-q15,Algebra,Sequences and nth terms,Algebra,Quadratic sequences,Algebra,Quadratic sequences,exams/questions/gcse/higher/p2/edexcel-1ma1-2h-2023-june-q15.pdf,7e749cd7c95e979e2029aa74f3480f2af9462c5697205133be8e5c7700cb4566,PDF text and visual,True
edexcel-1ma1-2h-2023-june-q16,Statistics,Histograms,Statistics,Histograms,Statistics,Histograms,exams/questions/gcse/higher/p2/edexcel-1ma1-2h-2023-june-q16.pdf,feb13e3d546c4a158ba0f7afab25aa67bd89dede8c2687c3da9c56605f3e64b2,PDF text,False
edexcel-1ma1-2h-2023-june-q17,Algebra,Iteration and numerical solutions,Algebra,Iteration,Algebra,Iteration,exams/questions/gcse/higher/p2/edexcel-1ma1-2h-2023-june-q17.pdf,9f3f4fda4e80a53ac65e7f98e3b7761c4cd77db03b4395a78f96bf612a4085eb,PDF text,True
edexcel-1ma1-2h-2023-june-q18,"Ratio, Proportion and Rates of Change",Ratios and algebra,"Ratio, Proportion and Rates of Change",Combining ratios,"Ratio, Proportion and Rates of Change",Combining ratios,exams/questions/gcse/higher/p2/edexcel-1ma1-2h-2023-june-q18.pdf,42f9589d4058b87a19e84c218fa3f21931827df44563c14ca19e8cb1af86b997,PDF text,True
edexcel-1ma1-2h-2023-june-q19,Geometry and Measures,Polygons and angle reasoning,Number,Bounds,Number,Bounds,exams/questions/gcse/higher/p2/edexcel-1ma1-2h-2023-june-q19.pdf,16f2a9c3d13d894b96d33a22e0a543867063894cd6cd8fa1848c63d942a17c5a,PDF text,True
edexcel-1ma1-2h-2023-june-q20,"Ratio, Proportion and Rates of Change",Ratios and sharing,Geometry and Measures,Vectors,Geometry and Measures,Vectors,exams/questions/gcse/higher/p2/edexcel-1ma1-2h-2023-june-q20.pdf,d8fb490a30e7445485c0a71002b79712b5e7029d75d17be638c9231b5c2200c3,PDF text,True
edexcel-1ma1-2h-2023-june-q21,Algebra,Graphs and equations,Algebra,Graph transformations,Algebra,Graph transformations,exams/questions/gcse/higher/p2/edexcel-1ma1-2h-2023-june-q21.pdf,bd039add4c1464947c304f4677e6325654480447b518554d59e704c9a8150722,PDF text,True
edexcel-1ma1-2h-2023-june-q22,Probability,Probability and combined events,Probability,Independent events,Probability,Independent events,exams/questions/gcse/higher/p2/edexcel-1ma1-2h-2023-june-q22.pdf,a9e03231200b8fdb02c9621f6ef9e5652639cd44f0ddb436805a472dee0d4fa7,PDF text,True
edexcel-1ma1-2h-2023-june-q23,Geometry and Measures,Similar shapes and scale factors,Geometry and Measures,Similarity,Geometry and Measures,Similarity,exams/questions/gcse/higher/p2/edexcel-1ma1-2h-2023-june-q23.pdf,83823601c48df5006fdd669ebbb2fff241417c442c2e4dbd8e2ccc1fc8a276be,PDF text,True
edexcel-1ma1-2h-2023-june-q24,Geometry and Measures,Area and perimeter,Geometry and Measures,Area,Geometry and Measures,Area,exams/questions/gcse/higher/p2/edexcel-1ma1-2h-2023-june-q24.pdf,a311138f7504de887cdced079efdb436f700c085066cfa52ca6da8be5a85a16a,PDF text,True
edexcel-1ma1-2h-2023-november-q1,Algebra,Rearranging formulae,Algebra,Expanding and simplifying,Algebra,Expanding and simplifying | Factorising | Rearranging formulae,exams/questions/gcse/higher/p2/edexcel-1ma1-2h-2023-november-q1.pdf,2a0d0506b747eb582d7507f1339ba8c83b4ec527e48d898a5b05046e82d283c1,PDF text,True
edexcel-1ma1-2h-2023-november-q2,"Ratio, Proportion and Rates of Change",Percentages and multipliers,Number,Percentage increase and decrease,Number,Percentage increase and decrease,exams/questions/gcse/higher/p2/edexcel-1ma1-2h-2023-november-q2.pdf,c335ba66110bf2c67d0a7d824891052ae5668393d1e5b4bf222f0573fb46d9c8,PDF text,True
edexcel-1ma1-2h-2023-november-q3,"Ratio, Proportion and Rates of Change",Compound interest and repeated change,Number,Compound interest,Number,Compound interest,exams/questions/gcse/higher/p2/edexcel-1ma1-2h-2023-november-q3.pdf,5594557dadd3e79de24bbad72f06fc69386a1c03b1a58778802a27bc33b36fdc,PDF text,True
edexcel-1ma1-2h-2023-november-q4,Algebra,Solving equations,Algebra,Equations with unknowns on both sides,Algebra,Equations with unknowns on both sides,exams/questions/gcse/higher/p2/edexcel-1ma1-2h-2023-november-q4.pdf,3ebffdbef433ba1ab96079b3878f8184d2bf9e9bfb47108d252317727a2d0145,PDF text,True
edexcel-1ma1-2h-2023-november-q5,"Ratio, Proportion and Rates of Change",Ratios and sharing,"Ratio, Proportion and Rates of Change",Ratio problem solving,"Ratio, Proportion and Rates of Change",Ratio problem solving,exams/questions/gcse/higher/p2/edexcel-1ma1-2h-2023-november-q5.pdf,fb9f87e4681a84708976d8d2ea5f6810b0487dcfd4972b69becde29234ab0de8,PDF text,True
edexcel-1ma1-2h-2023-november-q6,Geometry and Measures,Bearings and trigonometry,Geometry and Measures,Bearings,Geometry and Measures,Bearings,exams/questions/gcse/higher/p2/edexcel-1ma1-2h-2023-november-q6.pdf,93e5dfaa7f7771bf9857ff67f751bb4b128c7c1d03fc273de34ae3eedad5bd9c,PDF text,True
edexcel-1ma1-2h-2023-november-q7,Geometry and Measures,Volume and surface area,Geometry and Measures,Volume,Geometry and Measures,Volume,exams/questions/gcse/higher/p2/edexcel-1ma1-2h-2023-november-q7.pdf,6bb5f2aec4ef32f44c79a4bc6b96c3608b9f778d48dca1695cc6bccb2afa6d30,PDF text,True
edexcel-1ma1-2h-2023-november-q8,Number,Bounds and error intervals,Number,Error intervals,Number,Error intervals,exams/questions/gcse/higher/p2/edexcel-1ma1-2h-2023-november-q8.pdf,3bf2676ed259255a6beef30bfd0087dcd34939515c338ff39cbfd71745e89a50,PDF text,True
edexcel-1ma1-2h-2023-november-q9,Algebra,Expanding and simplifying expressions,Algebra,Expanding three brackets,Algebra,Expanding three brackets,exams/questions/gcse/higher/p2/edexcel-1ma1-2h-2023-november-q9.pdf,e7e488d861a752d08809c41f00671fe2212f25146b361da63a9c2d36271d10c6,PDF text,True
edexcel-1ma1-2h-2023-november-q10,Probability,Tree diagrams and conditional probability,Probability,Tree diagrams,Probability,Tree diagrams,exams/questions/gcse/higher/p2/edexcel-1ma1-2h-2023-november-q10.pdf,24dedf33c14c725975735210038380c07ee7f57a8134b831fb5d879070b0f77a,PDF text,True
edexcel-1ma1-2h-2023-november-q11,Algebra,Graphs and equations,Algebra,Recognising graphs,Algebra,Recognising graphs,exams/questions/gcse/higher/p2/edexcel-1ma1-2h-2023-november-q11.pdf,bc1a9e0158dcf1711aee0dc71400630a2ca3128cae6c3d86664fb74fe2037252,PDF text,True
edexcel-1ma1-2h-2023-november-q12,Geometry and Measures,Pythagoras and lengths,Geometry and Measures,Pythagoras,Geometry and Measures,Pythagoras,exams/questions/gcse/higher/p2/edexcel-1ma1-2h-2023-november-q12.pdf,feaa990b372fd54118d0b52613f0ad6295e9584e10824c363ef4c9b041369fa7,PDF text,True
edexcel-1ma1-2h-2023-november-q13,Number,Recurring decimals as fractions,Number,Recurring decimals,Number,Recurring decimals,exams/questions/gcse/higher/p2/edexcel-1ma1-2h-2023-november-q13.pdf,56af8c01a6d11c849539fbece8dc457c9673af86af7dc537b8229b5d818a8d68,PDF text,True
edexcel-1ma1-2h-2023-november-q14,"Ratio, Proportion and Rates of Change",Direct and inverse proportion,"Ratio, Proportion and Rates of Change",Proportion equations,"Ratio, Proportion and Rates of Change",Proportion equations,exams/questions/gcse/higher/p2/edexcel-1ma1-2h-2023-november-q14.pdf,79d13e3453e905ba1fce146b12dc48868947ed5410b59284bd572bd0d3da7cf5,PDF text,True
edexcel-1ma1-2h-2023-november-q15,Statistics,Histograms,Statistics,Histograms,Statistics,Histograms,exams/questions/gcse/higher/p2/edexcel-1ma1-2h-2023-november-q15.pdf,b0169f041c03fed79186a8d6edc894b0930fd40b07a6f80782ee69b30f37e35e,PDF text,False
edexcel-1ma1-2h-2023-november-q16,Geometry and Measures,Area and perimeter,Geometry and Measures,Area of a triangle using 1/2 ab sin C,Geometry and Measures,Area of a triangle using 1/2 ab sin C | Sine rule | Angles in parallel lines,exams/questions/gcse/higher/p2/edexcel-1ma1-2h-2023-november-q16.pdf,e8c58d9e0b65ae5feae09de00aaceb011fabd01a78c754561855548657b61a6c,PDF text and visual,True
edexcel-1ma1-2h-2023-november-q17,Algebra,Iteration and numerical solutions,Algebra,Iteration,Algebra,Iteration,exams/questions/gcse/higher/p2/edexcel-1ma1-2h-2023-november-q17.pdf,018896a69df996190f6fb81e34cb7fb8f2474e2e19b8f553ca6670c749403d13,PDF text,True
edexcel-1ma1-2h-2023-november-q18,Geometry and Measures,Vectors and geometric proof,Geometry and Measures,Vector geometry,Geometry and Measures,Vector geometry,exams/questions/gcse/higher/p2/edexcel-1ma1-2h-2023-november-q18.pdf,09aef4fee7e4d25992b67a3588c8f77910dd2a011db33ad2d7b41105dbf4bb2a,PDF text,True
edexcel-1ma1-2h-2023-november-q19,Algebra,Functions and inverse functions,Algebra,Inverse functions,Algebra,Inverse functions,exams/questions/gcse/higher/p2/edexcel-1ma1-2h-2023-november-q19.pdf,3c2094d3810f6cc47b0af76a1e63944f3bdbab144ea9cb3de0fd4322a1206342,PDF text,True
edexcel-1ma1-2h-2023-november-q20,"Ratio, Proportion and Rates of Change",Ratios and sharing,Algebra,Algebraic fractions,Algebra,Algebraic fractions,exams/questions/gcse/higher/p2/edexcel-1ma1-2h-2023-november-q20.pdf,a3c6cdc09c0ddd437df67c58057ef6309a8d84172854a468bec224bb7ccc3934,PDF text,True
edexcel-1ma1-2h-2023-november-q21,Probability,Venn diagrams and set notation,Probability,Venn diagrams,Probability,Venn diagrams,exams/questions/gcse/higher/p2/edexcel-1ma1-2h-2023-november-q21.pdf,cdc0835ddd087ce780fb7c86f5287c4fc7e93871042f1eaed9a58f085ad13a56,PDF text,True
edexcel-1ma1-2h-2024-june-q1,Geometry and Measures,Pythagoras theorem,Geometry and Measures,Pythagoras,Geometry and Measures,Pythagoras,exams/questions/gcse/higher/p2/edexcel-1ma1-2h-2024-june-q1.pdf,462f71ebba6e04eb6a7fe0ad3c0f4c64f08a7db3176a26b0451960285a770590,PDF text,True
edexcel-1ma1-2h-2024-june-q2,Number,"Prime factors, HCF and LCM",Number,HCF and LCM,Number,HCF and LCM,exams/questions/gcse/higher/p2/edexcel-1ma1-2h-2024-june-q2.pdf,051edddc706928ea0256ef7dcadbf08b3c5643ad60a17c39bedd9f6e985983a4,PDF text,True
edexcel-1ma1-2h-2024-june-q3,"Ratio, Proportion and Rates of Change",Inverse proportion and work rates,"Ratio, Proportion and Rates of Change",Inverse proportion,"Ratio, Proportion and Rates of Change",Inverse proportion,exams/questions/gcse/higher/p2/edexcel-1ma1-2h-2024-june-q3.pdf,8ac3bf0eeadabd8e9bb6b0f4716c60b0e67908d8feb1b9f7dc2740e45ffa6b72,PDF text,True
edexcel-1ma1-2h-2024-june-q4,Probability,Probability and combined events,Probability,Basic probability,Probability,Basic probability,exams/questions/gcse/higher/p2/edexcel-1ma1-2h-2024-june-q4.pdf,61b8ac12ab0aaf8033193bd1f3cf94655a2754960021ff8b2ba0d1fe76463b99,PDF text,True
edexcel-1ma1-2h-2024-june-q5,Algebra,Quadratic graphs and graphical solutions,Algebra,Quadratic graphs,Algebra,Quadratic graphs,exams/questions/gcse/higher/p2/edexcel-1ma1-2h-2024-june-q5.pdf,c1adb29d820325c933095d35d56056af61230896bfed620121c2c67f1336cbf2,PDF text,True
edexcel-1ma1-2h-2024-june-q6,"Ratio, Proportion and Rates of Change",Percentages and multipliers,"Ratio, Proportion and Rates of Change",Ratio problem solving,"Ratio, Proportion and Rates of Change",Ratio problem solving,exams/questions/gcse/higher/p2/edexcel-1ma1-2h-2024-june-q6.pdf,8ed20c11a74b3951c7d6fbb6b358b4b3391ab07be192a8493e9315777cb7d8c6,PDF text,True
edexcel-1ma1-2h-2024-june-q7,Geometry and Measures,Angles and parallel lines,Geometry and Measures,Angles in parallel lines,Geometry and Measures,Angles in parallel lines,exams/questions/gcse/higher/p2/edexcel-1ma1-2h-2024-june-q7.pdf,e0e2e9245a1f6b05f17afd9f30d7d7cda89e693dd29e20ce2a68ad26f186421e,PDF text,True
edexcel-1ma1-2h-2024-june-q8,Geometry and Measures,Trigonometry,"Ratio, Proportion and Rates of Change",Scale factors,"Ratio, Proportion and Rates of Change",Scale factors,exams/questions/gcse/higher/p2/edexcel-1ma1-2h-2024-june-q8.pdf,8adcc63f80f6778cb30be6f8f9580af7cd41f00fab3c4a3df002e4065ecd6cad,PDF text,True
edexcel-1ma1-2h-2024-june-q9,Number,Bounds and error intervals,Number,Error intervals,Number,Error intervals,exams/questions/gcse/higher/p2/edexcel-1ma1-2h-2024-june-q9.pdf,110cb75b45746d84af39561d3687246b92ca40c909b6a6296b5934eaa4f81e6a,PDF text,True
edexcel-1ma1-2h-2024-june-q10,Geometry and Measures,Trigonometry,Geometry and Measures,Right-angled trigonometry,Geometry and Measures,Right-angled trigonometry,exams/questions/gcse/higher/p2/edexcel-1ma1-2h-2024-june-q10.pdf,f8c693414e5da8deaa998587d24acbdc4eb555ba670938bc1ca9966959aef9b1,PDF text,True
edexcel-1ma1-2h-2024-june-q11,Statistics,Cumulative frequency and quartiles,Statistics,Cumulative frequency,Statistics,Cumulative frequency,exams/questions/gcse/higher/p2/edexcel-1ma1-2h-2024-june-q11.pdf,8699117bc269ccb2c25373e01383717c36590514c97a3ecd953f66bf0db527fe,PDF text,True
edexcel-1ma1-2h-2024-june-q12,"Ratio, Proportion and Rates of Change",Direct and inverse proportion,"Ratio, Proportion and Rates of Change",Inverse proportion,"Ratio, Proportion and Rates of Change",Inverse proportion,exams/questions/gcse/higher/p2/edexcel-1ma1-2h-2024-june-q12.pdf,29941c4987e215a3c24e44eb6b07bd25ac47a572174dd9baa90988c5a566cecf,PDF text,True
edexcel-1ma1-2h-2024-june-q13,Algebra,Algebraic inequalities,Algebra,Linear inequalities,Algebra,Linear inequalities,exams/questions/gcse/higher/p2/edexcel-1ma1-2h-2024-june-q13.pdf,f24db2c3d464d12361ec42359cdc6f38d15bd2cab033df897981ebe9124d05b1,PDF text,True
edexcel-1ma1-2h-2024-june-q14,"Ratio, Proportion and Rates of Change","Speed, distance and time","Ratio, Proportion and Rates of Change",Velocity-time graphs,"Ratio, Proportion and Rates of Change",Velocity-time graphs,exams/questions/gcse/higher/p2/edexcel-1ma1-2h-2024-june-q14.pdf,5bf925034c89971817575f5c0ab312971100d4d6069542e296823820c40eb49b,PDF text,True
edexcel-1ma1-2h-2024-june-q15,Number,Surds and rationalising denominators,Number,Rationalising denominators,Number,Rationalising denominators,exams/questions/gcse/higher/p2/edexcel-1ma1-2h-2024-june-q15.pdf,389210478b3523538ecf08fe5d84b25f553bbf1bb0b79aafbc6c492b8cba2efb,PDF text and visual,True
edexcel-1ma1-2h-2024-june-q16,Algebra,Solving equations,Algebra,Quadratic inequalities,Algebra,Quadratic inequalities,exams/questions/gcse/higher/p2/edexcel-1ma1-2h-2024-june-q16.pdf,4ad3ef20d5e0d119411b94381eecff4af80802e68085386525c70c44316f840a,PDF text,True
edexcel-1ma1-2h-2024-june-q17,Geometry and Measures,Similar shapes and scale factors,Geometry and Measures,Similarity,Geometry and Measures,Similarity,exams/questions/gcse/higher/p2/edexcel-1ma1-2h-2024-june-q17.pdf,738f054529d78211805aef6bc10bdd2961395394a9589f3d542ac91b51e585f6,PDF text,True
edexcel-1ma1-2h-2024-june-q18,Probability,Probability and combined events,Probability,Probability without replacement,Probability,Probability without replacement,exams/questions/gcse/higher/p2/edexcel-1ma1-2h-2024-june-q18.pdf,94a0b2ec8143d3af82f4faaa5e0123988918c78eaae327501e30d20aa5235397,PDF text,True
edexcel-1ma1-2h-2024-june-q19,"Ratio, Proportion and Rates of Change",Ratios and sharing,Geometry and Measures,Vector geometry,Geometry and Measures,Vector geometry,exams/questions/gcse/higher/p2/edexcel-1ma1-2h-2024-june-q19.pdf,783110a3e36f7aa8852007b10ec11658be6e6e0e149953cecbd019f2b43201e8,PDF text,True
edexcel-1ma1-2h-2024-june-q20,Algebra,Quadratic equations and graphs,Algebra,Quadratic graphs,Algebra,Quadratic graphs,exams/questions/gcse/higher/p2/edexcel-1ma1-2h-2024-june-q20.pdf,52bedf4efb7d6b86cbc4b6c846c78f966cb08c2c56fec1c0f60499930f42b137,PDF text,True
edexcel-1ma1-2h-2024-june-q21,Algebra,Graphs and equations,Algebra,Graph transformations,Algebra,Graph transformations,exams/questions/gcse/higher/p2/edexcel-1ma1-2h-2024-june-q21.pdf,4eabfec839b78c623e6199a78d33dd3325fdf9f9379adb434a6a5dd37f972c99,PDF text,True
edexcel-1ma1-2h-2024-june-q22,Geometry and Measures,Circle theorems,Geometry and Measures,Circle theorems,Geometry and Measures,Circle theorems,exams/questions/gcse/higher/p2/edexcel-1ma1-2h-2024-june-q22.pdf,3a3ae61ca412d6078b54695ae36bb8909607ace5aa8f3e95f9b4c513f2945c20,PDF text,False
edexcel-1ma1-2h-2024-november-q1,"Ratio, Proportion and Rates of Change",Ratios and sharing,Number,Calculator calculations,Number,Calculator calculations,exams/questions/gcse/higher/p2/edexcel-1ma1-2h-2024-november-q1.pdf,07c4224a09eb1eb85143025e79ca15d32c045a18408bc374a1a0e8418dcb4d8c,PDF text,True
edexcel-1ma1-2h-2024-november-q2,Statistics,Scatter graphs and correlation,Statistics,Scatter graphs,Statistics,Scatter graphs,exams/questions/gcse/higher/p2/edexcel-1ma1-2h-2024-november-q2.pdf,5a05cf3b3db5eaaceee1c6ee794f6f9ebe9f15d68e813d2b1f5d02a1fd82a7bc,PDF text,True
edexcel-1ma1-2h-2024-november-q3,"Ratio, Proportion and Rates of Change",Proportion and rates,"Ratio, Proportion and Rates of Change",Best buys,"Ratio, Proportion and Rates of Change",Best buys,exams/questions/gcse/higher/p2/edexcel-1ma1-2h-2024-november-q3.pdf,5949fe6811dad2fc48ad4b5b5c68a80e9dc30cd0e84267aff61da7952fbe3691,PDF text,True
edexcel-1ma1-2h-2024-november-q4,Probability,Venn diagrams and set notation,Probability,Venn diagrams,Probability,Venn diagrams,exams/questions/gcse/higher/p2/edexcel-1ma1-2h-2024-november-q4.pdf,8e3fc5472ef99857d416ead18ae66818890e208f5f2b67f80d35ffd30d481b33,PDF text,True
edexcel-1ma1-2h-2024-november-q5,Algebra,Graphs and equations,Algebra,Quadratic graphs,Algebra,Quadratic graphs,exams/questions/gcse/higher/p2/edexcel-1ma1-2h-2024-november-q5.pdf,32f57e2fffe2b029e413359b0a98b04f09b99285d170161ea8d4bdda4c45e986,PDF text,True
edexcel-1ma1-2h-2024-november-q6,"Ratio, Proportion and Rates of Change",Percentages and multipliers,Number,Percentage increase and decrease,Number,Percentage increase and decrease,exams/questions/gcse/higher/p2/edexcel-1ma1-2h-2024-november-q6.pdf,dbb74c1417ecd5675713c11171a23a58df6050722614ed88f54c2ccb8c8a5ce3,PDF text,True
edexcel-1ma1-2h-2024-november-q7,Geometry and Measures,Polygons and angle reasoning,Geometry and Measures,Pythagoras,Geometry and Measures,Pythagoras,exams/questions/gcse/higher/p2/edexcel-1ma1-2h-2024-november-q7.pdf,b803c3afa317fcb3f7a90e47f2342a7ab935a0790119eb8e6ec4973687d3de33,PDF text,True
edexcel-1ma1-2h-2024-november-q8,Number,Standard form,Number,Standard form calculations,Number,Standard form calculations,exams/questions/gcse/higher/p2/edexcel-1ma1-2h-2024-november-q8.pdf,285898b237d7d03bee7db815dde2ea01a4472839e7ebfb8885e375ddf14e8c9f,PDF text,True
edexcel-1ma1-2h-2024-november-q9,Geometry and Measures,Polygons and angle reasoning,Geometry and Measures,Angles in polygons,Geometry and Measures,Angles in polygons,exams/questions/gcse/higher/p2/edexcel-1ma1-2h-2024-november-q9.pdf,306a7da35a96ba119e40f094d44771d50df4bc98bde15398202229a4e4501b93,PDF text,True
edexcel-1ma1-2h-2024-november-q10,Algebra,Simultaneous equations,Algebra,Linear simultaneous equations,Algebra,Linear simultaneous equations,exams/questions/gcse/higher/p2/edexcel-1ma1-2h-2024-november-q10.pdf,a1556f1939e03c417b897d0274ece8502c0f93b8586ea8dff6b10df90b057331,PDF text,True
edexcel-1ma1-2h-2024-november-q11,Geometry and Measures,Transformations,Geometry and Measures,Enlargements,Geometry and Measures,Enlargements,exams/questions/gcse/higher/p2/edexcel-1ma1-2h-2024-november-q11.pdf,e173cad8fbc8472c210b68d2cf3907f3ed2058c82f6093ca2cf3e8a123018adf,PDF text and visual,True
edexcel-1ma1-2h-2024-november-q12,"Ratio, Proportion and Rates of Change","Density, mass and volume","Ratio, Proportion and Rates of Change",Density,"Ratio, Proportion and Rates of Change",Density,exams/questions/gcse/higher/p2/edexcel-1ma1-2h-2024-november-q12.pdf,319f46c1ebddff02cf698a2889330b226da56c8fab3bfba71a2556e1ba152b4b,PDF text,True
edexcel-1ma1-2h-2024-november-q13,"Ratio, Proportion and Rates of Change",Direct and inverse proportion,"Ratio, Proportion and Rates of Change",Direct proportion,"Ratio, Proportion and Rates of Change",Direct proportion,exams/questions/gcse/higher/p2/edexcel-1ma1-2h-2024-november-q13.pdf,957ba1a0454ba9304007cddbae141ffd76e5d4b20991320ebd191f665a472cd6,PDF text,True
edexcel-1ma1-2h-2024-november-q14,Number,Product rule for counting,Probability,Product rule for counting,Probability,Product rule for counting,exams/questions/gcse/higher/p2/edexcel-1ma1-2h-2024-november-q14.pdf,80e99d9dcdcf3af6325d40311884b79a520018fbac4de2fa9061e34395853e98,PDF text,True
edexcel-1ma1-2h-2024-november-q15,Algebra,Sequences and nth terms,Algebra,Quadratic sequences,Algebra,Quadratic sequences | Sequences,exams/questions/gcse/higher/p2/edexcel-1ma1-2h-2024-november-q15.pdf,2e35baa1efb56e26d3df661b3065ffe678304aa64b2e4f6783ac8ba48de08213,PDF text and visual,True
edexcel-1ma1-2h-2024-november-q16,Statistics,Histograms,Statistics,Histograms,Statistics,Histograms,exams/questions/gcse/higher/p2/edexcel-1ma1-2h-2024-november-q16.pdf,dc9bbd0aaccfbec9844cf9bac275d1aa1bbed0e4d6898ecc9c0aa75fdf66cc81,PDF text,False
edexcel-1ma1-2h-2024-november-q17,Algebra,Algebraic fractions,Algebra,Algebraic fractions,Algebra,Algebraic fractions,exams/questions/gcse/higher/p2/edexcel-1ma1-2h-2024-november-q17.pdf,e13a914e7162c3cd6e5391aa198cb5260a5afc5efa71fe64e7354663efa1d9fd,PDF text,False
edexcel-1ma1-2h-2024-november-q18,Geometry and Measures,Circle theorems,Geometry and Measures,Congruence,Geometry and Measures,Congruence,exams/questions/gcse/higher/p2/edexcel-1ma1-2h-2024-november-q18.pdf,c3e3d6e105360625531e93930dc7e9408d1380cb026c02b51f40e3df40d48e4f,PDF text,True
edexcel-1ma1-2h-2024-november-q19,Number,Bounds and error intervals,Number,Bounds,Number,Bounds,exams/questions/gcse/higher/p2/edexcel-1ma1-2h-2024-november-q19.pdf,0b0175300eb1d458b41b052345dba8cbb2775213cb41e323de30468d74344d34,PDF text,True
edexcel-1ma1-2h-2024-november-q20,Geometry and Measures,Volume and surface area,Geometry and Measures,Right-angled trigonometry,Geometry and Measures,Right-angled trigonometry,exams/questions/gcse/higher/p2/edexcel-1ma1-2h-2024-november-q20.pdf,809b9672d699a8ec983f97526e1ecd973a2d66c81d32464efeb99ed8acd7de27,PDF text,True
edexcel-1ma1-2h-2024-november-q21,Algebra,Graphs and equations,Algebra,Parallel and perpendicular lines,Algebra,Parallel and perpendicular lines | Quadratic equations by factorising,exams/questions/gcse/higher/p2/edexcel-1ma1-2h-2024-november-q21.pdf,e0cbeec26a5f3d920090befd4f08683e8376853c422c8d3cce963121f77cfee8,PDF text and visual,True
edexcel-1ma1-2h-2024-november-q22,Probability,Probability and combined events,Probability,Probability without replacement,Probability,Probability without replacement,exams/questions/gcse/higher/p2/edexcel-1ma1-2h-2024-november-q22.pdf,c3ffbd4a2cbbb3f01916c632e33ee40f465de9a517cb530fe0cec190e1409855,PDF text,True
edexcel-1ma1-2h-2025-june-q1,Number,"Prime factors, HCF and LCM",Number,HCF and LCM,Number,HCF and LCM,exams/questions/gcse/higher/p2/edexcel-1ma1-2h-2025-june-q1.pdf,e67f0c000199521f7975844b7a4081be9976cea29b287aec4f0a7186bfddf05a,PDF text,True
edexcel-1ma1-2h-2025-june-q2,"Ratio, Proportion and Rates of Change",Ratios and sharing,"Ratio, Proportion and Rates of Change",Sharing in a ratio,"Ratio, Proportion and Rates of Change",Sharing in a ratio,exams/questions/gcse/higher/p2/edexcel-1ma1-2h-2025-june-q2.pdf,742ca89db9e742264713f967317017cf44f0331877d5a8d7a3f2e20f3b1c2975,PDF text,True
edexcel-1ma1-2h-2025-june-q3,Geometry and Measures,Circle theorems,Geometry and Measures,Area,Geometry and Measures,Area,exams/questions/gcse/higher/p2/edexcel-1ma1-2h-2025-june-q3.pdf,b143b1e7909221039305f340b112eb22990e2a14fa18ff38a1487750cca934f8,PDF text,True
edexcel-1ma1-2h-2025-june-q4,Geometry and Measures,Constructions and loci,Geometry and Measures,Loci,Geometry and Measures,Loci,exams/questions/gcse/higher/p2/edexcel-1ma1-2h-2025-june-q4.pdf,30df4278f265d4ba82c75a678e442f9f256d8124631ca5ef8cec564f993f4744,PDF text,True
edexcel-1ma1-2h-2025-june-q5,"Ratio, Proportion and Rates of Change",Reverse fractional change,Number,Fractions,Number,Fractions,exams/questions/gcse/higher/p2/edexcel-1ma1-2h-2025-june-q5.pdf,7be46c4605c23a1ef93152513c31a7d58d05eca0f28fc8bb93b5dc08984055db,PDF text,True
edexcel-1ma1-2h-2025-june-q6,Statistics,Averages and grouped data,Statistics,Mean,Statistics,Mean,exams/questions/gcse/higher/p2/edexcel-1ma1-2h-2025-june-q6.pdf,97b4188f8eaaede35ccf0066b6eda651c39abc29ae777f05ee796e6a4b0e9e7a,PDF text,True
edexcel-1ma1-2h-2025-june-q7,Geometry and Measures,Trigonometry,Geometry and Measures,Right-angled trigonometry,Geometry and Measures,Right-angled trigonometry,exams/questions/gcse/higher/p2/edexcel-1ma1-2h-2025-june-q7.pdf,da0348d2345fae446f6f364d8f1249e8e895e1496297a83c967fcfb133b95408,PDF text,True
edexcel-1ma1-2h-2025-june-q8,"Ratio, Proportion and Rates of Change","Density, mass and volume","Ratio, Proportion and Rates of Change",Density,"Ratio, Proportion and Rates of Change",Density,exams/questions/gcse/higher/p2/edexcel-1ma1-2h-2025-june-q8.pdf,6ad4a47a37ec6da5eaf8e272653aa5fe3c3b0c73d92babd83c02e47a9c34e93a,PDF text,True
edexcel-1ma1-2h-2025-june-q9,Algebra,Simplifying expressions using index laws,Number,Laws of indices,Number,Laws of indices,exams/questions/gcse/higher/p2/edexcel-1ma1-2h-2025-june-q9.pdf,bcf5ac981ee11756d012691ec09a8713c08b2a64ae25db13d29e64fb804d2ace,PDF text,True
edexcel-1ma1-2h-2025-june-q10,Algebra,Solving equations,Algebra,Equations with unknowns on both sides,Algebra,Equations with unknowns on both sides,exams/questions/gcse/higher/p2/edexcel-1ma1-2h-2025-june-q10.pdf,eec79e3869161f13df8de84eae51212fc09452ca5ebd124cd8e20333a3c85a68,PDF text,True
edexcel-1ma1-2h-2025-june-q11,Probability,Tree diagrams and conditional probability,Probability,Tree diagrams,Probability,Tree diagrams,exams/questions/gcse/higher/p2/edexcel-1ma1-2h-2025-june-q11.pdf,68ddefb5d43d479f0ed2c8549a88e908a67bf605e1c7ae629ca5688d64868775,PDF text,True
edexcel-1ma1-2h-2025-june-q12,Statistics,Cumulative frequency and quartiles,Statistics,Box plots,Statistics,Box plots,exams/questions/gcse/higher/p2/edexcel-1ma1-2h-2025-june-q12.pdf,c9611724cea8923207efdf02e26f603f1b3c7328ba073cfe1c27143154250848,PDF text,True
edexcel-1ma1-2h-2025-june-q13,Algebra,Expanding and simplifying expressions,Algebra,Expanding three brackets,Algebra,Expanding three brackets,exams/questions/gcse/higher/p2/edexcel-1ma1-2h-2025-june-q13.pdf,eaa38fb585c596d0f74d1c8b69d7a7e1024ba5dce681b09c8436507763a55ac8,PDF text,True
edexcel-1ma1-2h-2025-june-q14,Number,Product rule for counting,Probability,Product rule for counting,Probability,Product rule for counting,exams/questions/gcse/higher/p2/edexcel-1ma1-2h-2025-june-q14.pdf,807d791dcb107a7e79e84b4a0820515c1ec6614d27d092cdc217d4e337de6f5f,PDF text,True
edexcel-1ma1-2h-2025-june-q15,Algebra,Algebraic inequalities,Algebra,Linear inequalities,Algebra,Linear inequalities,exams/questions/gcse/higher/p2/edexcel-1ma1-2h-2025-june-q15.pdf,be3958f2283a91f6556715d47c1cc4c9cfbfb491bc7efcf29c18442d4a6e39b7,PDF text,True
edexcel-1ma1-2h-2025-june-q16,Geometry and Measures,Similar shapes and scale factors,Geometry and Measures,Similarity,Geometry and Measures,Similarity,exams/questions/gcse/higher/p2/edexcel-1ma1-2h-2025-june-q16.pdf,9e55f47a5742b3c5fbde70232c04e5b618852ad754f0f11b5d69a2d56cf53f53,PDF text,True
edexcel-1ma1-2h-2025-june-q17,Algebra,Graphs and equations,Algebra,Exponential graphs,Algebra,Exponential graphs,exams/questions/gcse/higher/p2/edexcel-1ma1-2h-2025-june-q17.pdf,1b13f729b4e0b9574aaa05982e796a32fbf5d77884d12785bd60c91937008d23,PDF text and visual,True
edexcel-1ma1-2h-2025-june-q18,"Ratio, Proportion and Rates of Change",Growth and decay using recurrence relations,"Ratio, Proportion and Rates of Change",Compound growth and decay,"Ratio, Proportion and Rates of Change",Compound growth and decay,exams/questions/gcse/higher/p2/edexcel-1ma1-2h-2025-june-q18.pdf,e83c2e6c2603f2acc13a91632d010e82acfc66cb375f82cb411fff5a8d51cc7e,PDF text,True
edexcel-1ma1-2h-2025-june-q19,Geometry and Measures,Volume and surface area,Geometry and Measures,Right-angled trigonometry,Geometry and Measures,Right-angled trigonometry,exams/questions/gcse/higher/p2/edexcel-1ma1-2h-2025-june-q19.pdf,3cd8a1014e901df657a86288cb147d139461c357b704a3b343b22eeeb0438579,PDF text,True
edexcel-1ma1-2h-2025-june-q20,Algebra,Straight-line graphs and equations,Algebra,Equation of a straight line,Algebra,Equation of a straight line,exams/questions/gcse/higher/p2/edexcel-1ma1-2h-2025-june-q20.pdf,830460e85dee388f2c3f0d8fa5d95318b5cb351c60ffb629e3ee2f9c9a18b96d,PDF text,True
edexcel-1ma1-2h-2025-june-q21,Algebra,Solving equations,Algebra,Quadratic inequalities,Algebra,Quadratic inequalities,exams/questions/gcse/higher/p2/edexcel-1ma1-2h-2025-june-q21.pdf,1468a8c11757d046e0e6d2b23ccfaf96b00f43b3c990cd4251d00b14cc4ff3cc,PDF text,True
edexcel-1ma1-2h-2025-june-q22,Geometry and Measures,Vectors and geometric proof,Algebra,Equation of a circle,Algebra,Equation of a circle,exams/questions/gcse/higher/p2/edexcel-1ma1-2h-2025-june-q22.pdf,43f7ced191ad2d3498a374a8f23cb9b6e97e52be4e8b48605c01495e8ccf4d2b,PDF text,True
edexcel-1ma1-2h-2025-june-q23,Geometry and Measures,Polygons and angle reasoning,Geometry and Measures,Cosine rule,Geometry and Measures,Cosine rule | Sine rule,exams/questions/gcse/higher/p2/edexcel-1ma1-2h-2025-june-q23.pdf,3512c257b1c91a2a6697c2b9ffb45dd5c9af2dd25d8b36de029bccccc8de8103,PDF text and visual,True
edexcel-1ma1-3h-2017-june-q1,Probability,Venn diagrams and set notation,Probability,Venn diagrams,Probability,Venn diagrams,exams/questions/gcse/higher/p3/edexcel-1ma1-3h-2017-june-q1.pdf,3e0a3bb5d3cf17b789ce2a0115a87c4fc9184f80be6b21bf8a7beb34e38c912d,PDF text,True
edexcel-1ma1-3h-2017-june-q2,Algebra,Simultaneous equations,Algebra,Linear simultaneous equations,Algebra,Linear simultaneous equations,exams/questions/gcse/higher/p3/edexcel-1ma1-3h-2017-june-q2.pdf,eb14406945ef33d64272a10a40e24c7c39831188f91214e1cb2a537face5021f,PDF text,True
edexcel-1ma1-3h-2017-june-q3,Probability,Probability and combined events,Statistics,Median,Statistics | Probability,Median | Combined probability,exams/questions/gcse/higher/p3/edexcel-1ma1-3h-2017-june-q3.pdf,0687eccf5be2c6ad2860a6ae4a300b02fb3dce7e25ecb240e8bee38b908e24c9,PDF text,True
edexcel-1ma1-3h-2017-june-q4,"Ratio, Proportion and Rates of Change",Percentages and multipliers,"Ratio, Proportion and Rates of Change",Sharing in a ratio,"Ratio, Proportion and Rates of Change",Sharing in a ratio,exams/questions/gcse/higher/p3/edexcel-1ma1-3h-2017-june-q4.pdf,dc72ebd8bb91285a69c843acc5ca72ad059fc1e61804dabf6ee90d55850d653e,PDF text,True
edexcel-1ma1-3h-2017-june-q5,Geometry and Measures,Polygons and angle reasoning,Geometry and Measures,Angles in polygons,Geometry and Measures,Angles in polygons,exams/questions/gcse/higher/p3/edexcel-1ma1-3h-2017-june-q5.pdf,f42e826fb66148147adfadee0b266dcf97477456229c39ab2a46c409f2422201,PDF text,True
edexcel-1ma1-3h-2017-june-q6,"Ratio, Proportion and Rates of Change","Density, mass and volume","Ratio, Proportion and Rates of Change",Density,"Ratio, Proportion and Rates of Change",Density,exams/questions/gcse/higher/p3/edexcel-1ma1-3h-2017-june-q6.pdf,f94ef1959bcc88839cfb9c844ae4e0116dc33e1ee1c5fdc8ec1851f9b08896d0,PDF text,True
edexcel-1ma1-3h-2017-june-q7,Geometry and Measures,Trigonometry,Geometry and Measures,Right-angled trigonometry,Geometry and Measures,Right-angled trigonometry,exams/questions/gcse/higher/p3/edexcel-1ma1-3h-2017-june-q7.pdf,c57688e350bd7d8e7deaa455455e0b3997f09e04c27e293457c3ae0f22d79d3a,PDF text,True
edexcel-1ma1-3h-2017-june-q8,Geometry and Measures,Area and perimeter,Geometry and Measures,Pythagoras,Geometry and Measures,Pythagoras,exams/questions/gcse/higher/p3/edexcel-1ma1-3h-2017-june-q8.pdf,eb7238920c31172ba8dbf4ce3ebced12eb4afc31f1f5d21afd8b0c2c051eb2a2,PDF text,True
edexcel-1ma1-3h-2017-june-q9,Statistics,Cumulative frequency and quartiles,Statistics,Box plots,Statistics,Box plots,exams/questions/gcse/higher/p3/edexcel-1ma1-3h-2017-june-q9.pdf,547a34ce6988e2aff9fd86b74bfddd59cfd3b05dc1ef3f1a18793393b5e5920a,PDF text,True
edexcel-1ma1-3h-2017-june-q10,"Ratio, Proportion and Rates of Change",Compound interest and repeated change,Number,Compound interest,Number,Compound interest,exams/questions/gcse/higher/p3/edexcel-1ma1-3h-2017-june-q10.pdf,361760d4e19bfaa80e9bc05cf510d30ca60d8307206c1da87a4fdfd80517c6ce,PDF text,True
edexcel-1ma1-3h-2017-june-q11,Number,Product rule for counting,Probability,Product rule for counting,Probability,Product rule for counting,exams/questions/gcse/higher/p3/edexcel-1ma1-3h-2017-june-q11.pdf,4d2044361200825701b50e6ba531662ad48a9250d60c7c4471825c28c3ad56e5,PDF text,True
edexcel-1ma1-3h-2017-june-q12,Algebra,Straight-line graphs and equations,"Ratio, Proportion and Rates of Change",Combining ratios,"Ratio, Proportion and Rates of Change",Combining ratios,exams/questions/gcse/higher/p3/edexcel-1ma1-3h-2017-june-q12.pdf,60aea20a3ac5c2ba6aefb39c034f6bc6924f0fe46a1d9d16e83661a5ad8617ae,PDF text,True
edexcel-1ma1-3h-2017-june-q13,Algebra,Algebraic inequalities,Algebra,Linear inequalities,Algebra,Linear inequalities,exams/questions/gcse/higher/p3/edexcel-1ma1-3h-2017-june-q13.pdf,a090c4fb6f16d4e1a5d90b94f2cb6f14ebe56343ba82a8eba5e8fb8e62fa812e,PDF text,True
edexcel-1ma1-3h-2017-june-q14,Algebra,Rearranging formulae,Algebra,Rearranging formulae,Algebra,Rearranging formulae,exams/questions/gcse/higher/p3/edexcel-1ma1-3h-2017-june-q14.pdf,54f9048c72cb4f69465172aa30c467f7be949ec379f7fe171cf3e3ed3aa50e72,PDF text,False
edexcel-1ma1-3h-2017-june-q15,Geometry and Measures,Area and perimeter,Geometry and Measures,Area of a triangle using 1/2 ab sin C,Geometry and Measures | Algebra,Area of a triangle using 1/2 ab sin C | Quadratic formula | Exact trigonometric values,exams/questions/gcse/higher/p3/edexcel-1ma1-3h-2017-june-q15.pdf,79fa72727695763bf65ffeca486b55911a762957005fecd9f98a719da9230ad0,PDF text and visual,True
edexcel-1ma1-3h-2017-june-q16,Algebra,Solving equations,Algebra,Iteration,Algebra,Iteration,exams/questions/gcse/higher/p3/edexcel-1ma1-3h-2017-june-q16.pdf,82919b4ddae9e08ec2f3dd9c2eed808fb2ea7d5bc27276b4454122a8e97e0c9a,PDF text,True
edexcel-1ma1-3h-2017-june-q17,"Ratio, Proportion and Rates of Change","Speed, distance and time",Number,Bounds,Number,Bounds,exams/questions/gcse/higher/p3/edexcel-1ma1-3h-2017-june-q17.pdf,ea351037ef9e684d7e69660e54b1377170b8ad17bf170d642bc6b9eb186d43f9,PDF text,True
edexcel-1ma1-3h-2017-june-q18,Geometry and Measures,Circle theorems,Geometry and Measures,Arc length,Geometry and Measures,Arc length,exams/questions/gcse/higher/p3/edexcel-1ma1-3h-2017-june-q18.pdf,56f077e38d4e25748d73b48dc6f45bfff17f0966c6d562e88ac80d25fb031d3e,PDF text,True
edexcel-1ma1-3h-2017-june-q19,Algebra,Solving equations,Algebra,Quadratic inequalities,Algebra,Quadratic inequalities,exams/questions/gcse/higher/p3/edexcel-1ma1-3h-2017-june-q19.pdf,e132e786dca3a8bcee4c6cc2b2e68001803471ad5cbb09c0d48fb7554ba05f90,PDF text,True
edexcel-1ma1-3h-2017-june-q20,Geometry and Measures,Vectors and geometric proof,Algebra,Equation of a circle,Algebra,Equation of a circle,exams/questions/gcse/higher/p3/edexcel-1ma1-3h-2017-june-q20.pdf,c2625315e72031247f737b70f6889067814b986ce94b73f9412e05544f1c9f47,PDF text,True
edexcel-1ma1-3h-2017-november-q1,Statistics,Averages and grouped data,Statistics,Frequency polygons,Statistics,Frequency polygons,exams/questions/gcse/higher/p3/edexcel-1ma1-3h-2017-november-q1.pdf,8975612401dbce341341a45c73a31e739a1454cfc24dd69c25f9ba3632b892cd,PDF text,True
edexcel-1ma1-3h-2017-november-q2,"Ratio, Proportion and Rates of Change",Unit conversions and best value,"Ratio, Proportion and Rates of Change",Best buys,"Ratio, Proportion and Rates of Change",Best buys,exams/questions/gcse/higher/p3/edexcel-1ma1-3h-2017-november-q2.pdf,891d645515802f49a07a1f9859fd130d746424b5ae5e89c2f59ed21b0c7013ba,PDF text,True
edexcel-1ma1-3h-2017-november-q3,"Ratio, Proportion and Rates of Change","Density, mass and volume","Ratio, Proportion and Rates of Change",Density,"Ratio, Proportion and Rates of Change",Density,exams/questions/gcse/higher/p3/edexcel-1ma1-3h-2017-november-q3.pdf,04c44efedb715714f62f29037ffe427e0075a455cf2f2ef3f6d57aeecf4da111,PDF text,True
edexcel-1ma1-3h-2017-november-q4,"Ratio, Proportion and Rates of Change",Ratios and sharing,"Ratio, Proportion and Rates of Change",Combining ratios,"Ratio, Proportion and Rates of Change",Combining ratios,exams/questions/gcse/higher/p3/edexcel-1ma1-3h-2017-november-q4.pdf,c56bc1d3af29681a909569db9ff510e779df17a8eb8aa6dab5fd21c5ac18d48b,PDF text,True
edexcel-1ma1-3h-2017-november-q5,Number,Bounds and error intervals,Number,Error intervals,Number,Error intervals,exams/questions/gcse/higher/p3/edexcel-1ma1-3h-2017-november-q5.pdf,3f67e1e6fe1d1d80986ccac85a7184e0bf5a49e31c6f6b32186c6885acec59f2,PDF text,True
edexcel-1ma1-3h-2017-november-q6,Geometry and Measures,Area and perimeter,Algebra,Forming equations,Algebra,Forming equations,exams/questions/gcse/higher/p3/edexcel-1ma1-3h-2017-november-q6.pdf,9a542972ea9157bb9fc82151d142626edd50b49d7f04d571bb8e60db96e7736e,PDF text,True
edexcel-1ma1-3h-2017-november-q7,"Ratio, Proportion and Rates of Change",Ratios and sharing,Number,Standard form calculations,Number,Standard form calculations,exams/questions/gcse/higher/p3/edexcel-1ma1-3h-2017-november-q7.pdf,b41f2d02bc0166f940c8dde56e146df1fb2ed4c9cbc5dc49e1697a70c1000f02,PDF text,True
edexcel-1ma1-3h-2017-november-q8,Probability,Probability and combined events,Probability,Relative frequency,Probability,Relative frequency,exams/questions/gcse/higher/p3/edexcel-1ma1-3h-2017-november-q8.pdf,49bb4fa46378023deb7cc272160e5bc21f9a7c5892cd5b2e4ff32a5a1c0b1106,PDF text,True
edexcel-1ma1-3h-2017-november-q9,"Ratio, Proportion and Rates of Change",Compound interest and repeated change,Number,Depreciation,Number,Depreciation,exams/questions/gcse/higher/p3/edexcel-1ma1-3h-2017-november-q9.pdf,7899de8406ffbc1f825e2d3c6545218fadb9e629d1002a8777df3ffbcabc7af3,PDF text,True
edexcel-1ma1-3h-2017-november-q10,Probability,Probability and combined events,Probability,Probability tables,Probability,Probability tables,exams/questions/gcse/higher/p3/edexcel-1ma1-3h-2017-november-q10.pdf,b55dae19c543da1dc962b1ade751524a89a64576328d8c60770af162037736b9,PDF text,True
edexcel-1ma1-3h-2017-november-q11,Statistics,Cumulative frequency and quartiles,Statistics,Cumulative frequency,Statistics,Cumulative frequency,exams/questions/gcse/higher/p3/edexcel-1ma1-3h-2017-november-q11.pdf,ed04cfab4a0f30918228cc6cf856ec0eb9f9461e86964c58447711b780800951,PDF text,True
edexcel-1ma1-3h-2017-november-q12,Probability,Tree diagrams and conditional probability,Probability,Tree diagrams,Probability,Tree diagrams,exams/questions/gcse/higher/p3/edexcel-1ma1-3h-2017-november-q12.pdf,83f03ac14977e6cd8ace38091593e4434b58d55fb3bc41c76f5bc08e6524963b,PDF text,True
edexcel-1ma1-3h-2017-november-q13,"Ratio, Proportion and Rates of Change",Ratios and sharing,Algebra,Completing the square,Algebra,Completing the square,exams/questions/gcse/higher/p3/edexcel-1ma1-3h-2017-november-q13.pdf,3a2cb496bba72fa50fe3651f4d9659e8ba5db1a8df3a58327c8eac54395036b6,PDF text,True
edexcel-1ma1-3h-2017-november-q14,Geometry and Measures,Similar shapes and scale factors,Geometry and Measures,Similarity,Geometry and Measures,Similarity,exams/questions/gcse/higher/p3/edexcel-1ma1-3h-2017-november-q14.pdf,c90906720bc45ff0b6a2ad5e0d7d973a15ec9ce7869f51125cd6cc7f5e3d1bb6,PDF text,True
edexcel-1ma1-3h-2017-november-q15,Algebra,Iteration and numerical solutions,Algebra,Iteration,Algebra,Iteration,exams/questions/gcse/higher/p3/edexcel-1ma1-3h-2017-november-q15.pdf,05fcaae480330491e29cb242158146bda8b7e1e6820da0f43cd0d3a47609b106,PDF text,True
edexcel-1ma1-3h-2017-november-q16,Number,Bounds and error intervals,Number,Bounds,Number,Bounds,exams/questions/gcse/higher/p3/edexcel-1ma1-3h-2017-november-q16.pdf,eb4f796a57b9f583ec2f89cb2f6a7a891dc105cb10c5e654c0e3d339d838cfe4,PDF text,True
edexcel-1ma1-3h-2017-november-q17,Geometry and Measures,Trigonometry,Geometry and Measures,Sine rule,Geometry and Measures,Sine rule | Area of a triangle using 1/2 ab sin C | Cosine rule,exams/questions/gcse/higher/p3/edexcel-1ma1-3h-2017-november-q17.pdf,e16eeef9b4ae604c77365ecb98a187ca98a94617d0ddcc567dc5324116c209bc,PDF text and visual,True
edexcel-1ma1-3h-2017-november-q18,"Ratio, Proportion and Rates of Change","Speed, distance and time","Ratio, Proportion and Rates of Change",Velocity-time graphs,"Ratio, Proportion and Rates of Change",Velocity-time graphs,exams/questions/gcse/higher/p3/edexcel-1ma1-3h-2017-november-q18.pdf,576225aca136f0ef3b6a7914cd7c03fb09c6e5fd980cc694d8b30c95aa360de8,PDF text,True
edexcel-1ma1-3h-2017-november-q19,Geometry and Measures,Circle theorems,Algebra,Simultaneous equations with a quadratic,Algebra,Simultaneous equations with a quadratic | Equation of a circle,exams/questions/gcse/higher/p3/edexcel-1ma1-3h-2017-november-q19.pdf,b83507f0f4490c1feca79006400f5c0f7d1ced3cb50647e2189d5bb2accc98f8,PDF text and visual,True
edexcel-1ma1-3h-2017-november-q20,Geometry and Measures,Circle theorems,Geometry and Measures,Circle theorems,Geometry and Measures,Circle theorems,exams/questions/gcse/higher/p3/edexcel-1ma1-3h-2017-november-q20.pdf,b13944a42c781698b77def4d09f1ac4de387397f3a565cbefb0bcd50c0310b43,PDF text,False
edexcel-1ma1-3h-2017-november-q21,Algebra,Straight-line graphs and equations,Geometry and Measures,Vector geometry,Geometry and Measures,Vector geometry,exams/questions/gcse/higher/p3/edexcel-1ma1-3h-2017-november-q21.pdf,9c82975c05fbddda5c2f35d543ee0f3f090a2a43df5213cb36d32ac90c84dc97,PDF text,True
edexcel-1ma1-3h-2018-june-q1,Statistics,Scatter graphs and correlation,Statistics,Scatter graphs,Statistics,Scatter graphs,exams/questions/gcse/higher/p3/edexcel-1ma1-3h-2018-june-q1.pdf,6a09f6a40f193b50173310261b9c3634c64c2189e3e9e78a5f816906b2766684,PDF text,True
edexcel-1ma1-3h-2018-june-q2,Algebra,Expanding and simplifying expressions,Algebra,Expanding and simplifying,Algebra,Expanding and simplifying,exams/questions/gcse/higher/p3/edexcel-1ma1-3h-2018-june-q2.pdf,9564df548bc162b124cf56759ba9f399389180a40aa808c321b60f3daa56a55c,PDF text,True
edexcel-1ma1-3h-2018-june-q3,Geometry and Measures,Area and perimeter,Geometry and Measures,Area,Geometry and Measures,Area,exams/questions/gcse/higher/p3/edexcel-1ma1-3h-2018-june-q3.pdf,ac7b61c1e2dd03f0121568f5106d0ce567186abd168b1ddefba545468b8e9f4a,PDF text,True
edexcel-1ma1-3h-2018-june-q4,Probability,Tree diagrams and conditional probability,Probability,Tree diagrams,Probability,Tree diagrams,exams/questions/gcse/higher/p3/edexcel-1ma1-3h-2018-june-q4.pdf,511d2d51a4da09c73cc136b31340096a5e290a4bdd7fbdcac7c4c50547a16f7a,PDF text,True
edexcel-1ma1-3h-2018-june-q5,Geometry and Measures,Polygons and angle reasoning,Geometry and Measures,Right-angled trigonometry,Geometry and Measures,Right-angled trigonometry,exams/questions/gcse/higher/p3/edexcel-1ma1-3h-2018-june-q5.pdf,bce51959b762e346592b35f37a9aba6f912e12f5990a3fa708fe0cfc993de879,PDF text,True
edexcel-1ma1-3h-2018-june-q6,Probability,Probability and combined events,Probability,Probability tables,Probability,Probability tables,exams/questions/gcse/higher/p3/edexcel-1ma1-3h-2018-june-q6.pdf,81d307b26628fbeab11e7fe6dc3603de8332f7984cdd0e24d11048f4ac5d4ee3,PDF text,True
edexcel-1ma1-3h-2018-june-q7,Algebra,Solving equations,Algebra,Equations with unknowns on both sides,Algebra,Equations with unknowns on both sides,exams/questions/gcse/higher/p3/edexcel-1ma1-3h-2018-june-q7.pdf,fd840e56cf49fb6ec4d1654f753418000aa7c6c60536f848de78c49984cdf540,PDF text,True
edexcel-1ma1-3h-2018-june-q8,Geometry and Measures,Polygons and angle reasoning,Geometry and Measures,Angles in polygons,Geometry and Measures,Angles in polygons,exams/questions/gcse/higher/p3/edexcel-1ma1-3h-2018-june-q8.pdf,d1fa71dd25b0671267f001c42d71c8790477c596e9ade069a10814e10f337281,PDF text,True
edexcel-1ma1-3h-2018-june-q9,Number,Standard form,Number,Standard form calculations,Number,Standard form calculations,exams/questions/gcse/higher/p3/edexcel-1ma1-3h-2018-june-q9.pdf,bcf66430f6ac5ecd4b2053f98dbc0c76cbaacc560ad5e593042c0412aec272f2,PDF text,True
edexcel-1ma1-3h-2018-june-q10,Number,"Prime factors, HCF and LCM",Number,HCF and LCM,Number,HCF and LCM,exams/questions/gcse/higher/p3/edexcel-1ma1-3h-2018-june-q10.pdf,22b9aa573af1c49cd5676693f8eb5265faa777dd2b6e862aa393f22e4a669677,PDF text,True
edexcel-1ma1-3h-2018-june-q11,"Ratio, Proportion and Rates of Change",Percentages and multipliers,Number,Reverse percentages,Number,Reverse percentages,exams/questions/gcse/higher/p3/edexcel-1ma1-3h-2018-june-q11.pdf,28c78281c7d389850e9458eeb9ed8223dfa9b8f1fb6558dd349dcb298d32c159,PDF text,True
edexcel-1ma1-3h-2018-june-q12,Geometry and Measures,Volume and surface area,Algebra,Gradient,Algebra,Gradient,exams/questions/gcse/higher/p3/edexcel-1ma1-3h-2018-june-q12.pdf,b97408f5ae4ec108b576d3a76751a041a53d33557c6185f06c93db3d7b39f07b,PDF text,True
edexcel-1ma1-3h-2018-june-q13,Geometry and Measures,Similar shapes and scale factors,Geometry and Measures,Similarity,Geometry and Measures,Similarity,exams/questions/gcse/higher/p3/edexcel-1ma1-3h-2018-june-q13.pdf,0a87b2d145924a4aa39ea02fdf28da858de73601954e3b50fa055aa0358bf1be,PDF text,True
edexcel-1ma1-3h-2018-june-q14,Number,Product rule for counting,Probability,Product rule for counting,Probability,Product rule for counting,exams/questions/gcse/higher/p3/edexcel-1ma1-3h-2018-june-q14.pdf,a15465c92cf67e32dbc1442d298a46b5d34df0b7e93a779932e113e826cb90bb,PDF text,True
edexcel-1ma1-3h-2018-june-q15,"Ratio, Proportion and Rates of Change","Speed, distance and time","Ratio, Proportion and Rates of Change",Velocity-time graphs,"Ratio, Proportion and Rates of Change",Velocity-time graphs,exams/questions/gcse/higher/p3/edexcel-1ma1-3h-2018-june-q15.pdf,4689bfbed95856cb1ded1c541d13d9781a4f8208c8b87f83da58583d9d9b347d,PDF text,True
edexcel-1ma1-3h-2018-june-q16,Algebra,Sequences and nth terms,Algebra,Quadratic sequences,Algebra,Quadratic sequences | Forming and solving linear simultaneous equations,exams/questions/gcse/higher/p3/edexcel-1ma1-3h-2018-june-q16.pdf,9d5cf04897b2dccd036d32f3d02594232c9571ab2deec9722b5630415c564fd1,PDF text and visual,True
edexcel-1ma1-3h-2018-june-q17,Geometry and Measures,Sine and cosine rules,Geometry and Measures,Cosine rule,Geometry and Measures,Cosine rule | Sine rule,exams/questions/gcse/higher/p3/edexcel-1ma1-3h-2018-june-q17.pdf,db51e074f1f58778eda8710526e9ba2258d869e1e9ecbba2dbbbc6452432f390,PDF text and visual,True
edexcel-1ma1-3h-2018-june-q18,Algebra,Iteration and numerical solutions,Algebra,Iteration,Algebra,Iteration,exams/questions/gcse/higher/p3/edexcel-1ma1-3h-2018-june-q18.pdf,64ceff1e91f0623d5ab709a9f043b8105181f67b3dc61bfd0d70f10bd70d6c27,PDF text,True
edexcel-1ma1-3h-2018-june-q19,Geometry and Measures,Trigonometry,Geometry and Measures,Right-angled trigonometry,Geometry and Measures,Right-angled trigonometry,exams/questions/gcse/higher/p3/edexcel-1ma1-3h-2018-june-q19.pdf,19ccaf43ec158da2225d5f7ef7e97ea5ac023f0c0222b269c42dc461b1a7a19a,PDF text,True
edexcel-1ma1-3h-2018-june-q20,Probability,Probability and combined events,Probability,Venn diagrams,Probability,Venn diagrams,exams/questions/gcse/higher/p3/edexcel-1ma1-3h-2018-june-q20.pdf,fd0cce04f3e47c558b4101cae82691c262f3cd4cdd9e5b7be173a7e2a47cad16,PDF text,True
edexcel-1ma1-3h-2018-june-q21,Geometry and Measures,Vectors and geometric proof,Geometry and Measures,Congruence,Geometry and Measures,Congruence,exams/questions/gcse/higher/p3/edexcel-1ma1-3h-2018-june-q21.pdf,385d5d262c18673a82e04c914ef1f59e600725abda64e2aaab9a8121bf54528c,PDF text,True
edexcel-1ma1-3h-2018-november-q1,Number,Calculator calculations and rounding,Number,Calculator calculations,Number,Calculator calculations,exams/questions/gcse/higher/p3/edexcel-1ma1-3h-2018-november-q1.pdf,338d737607f9eb4f290d71a412f6dc3b0e34cc092ab640f62748b6eb4dc09fe2,PDF text,True
edexcel-1ma1-3h-2018-november-q2,"Ratio, Proportion and Rates of Change",Percentages and multipliers,Number,Percentage increase and decrease,Number,Percentage increase and decrease,exams/questions/gcse/higher/p3/edexcel-1ma1-3h-2018-november-q2.pdf,f04560730e28e4003c8f0f26642fb163e110c3f0c2f0ddfbb1a65c0503b9d3d5,PDF text,True
edexcel-1ma1-3h-2018-november-q3,Algebra,Quadratic graphs and graphical solutions,Algebra,Quadratic graphs,Algebra,Quadratic graphs,exams/questions/gcse/higher/p3/edexcel-1ma1-3h-2018-november-q3.pdf,b0c896ec73a26a221c723cd0ad00c05509984df3586de0c8b909e99e3d4cb34c,PDF text,True
edexcel-1ma1-3h-2018-november-q4,Statistics,Averages and grouped data,Statistics,Estimated mean,Statistics,Estimated mean,exams/questions/gcse/higher/p3/edexcel-1ma1-3h-2018-november-q4.pdf,fc7e20b278203ecdf9bc602d88747e91caab40e1e4ad19436a90e6cc1c7bfe5d,PDF text,True
edexcel-1ma1-3h-2018-november-q5,"Ratio, Proportion and Rates of Change","Speed, distance and time","Ratio, Proportion and Rates of Change",Speed,"Ratio, Proportion and Rates of Change",Speed,exams/questions/gcse/higher/p3/edexcel-1ma1-3h-2018-november-q5.pdf,1a7a8620cb15bba853225d00199063f2270d3a3b371577f5bf8542f719e57406,PDF text,True
edexcel-1ma1-3h-2018-november-q6,Geometry and Measures,Polygons and angle reasoning,Geometry and Measures,Right-angled trigonometry,Geometry and Measures,Right-angled trigonometry,exams/questions/gcse/higher/p3/edexcel-1ma1-3h-2018-november-q6.pdf,305ab958fc0c79cbcf7c7d50ca8aa6d47ef0ee9a53dd269e97e6715f4933cb0c,PDF text,True
edexcel-1ma1-3h-2018-november-q7,Statistics,Averages and grouped data,Statistics,Frequency polygons,Statistics,Frequency polygons,exams/questions/gcse/higher/p3/edexcel-1ma1-3h-2018-november-q7.pdf,d0e3aff72494971063d740e96e29682fe147325507d4f86a0ac0c862447da517,PDF text,True
edexcel-1ma1-3h-2018-november-q8,Geometry and Measures,Volume and surface area,Geometry and Measures,Volume,Geometry and Measures,Volume,exams/questions/gcse/higher/p3/edexcel-1ma1-3h-2018-november-q8.pdf,4e7d399ac1f974cba5d7a9f01b7c626e887c9c52061686a9542570ccb0494a33,PDF text,True
edexcel-1ma1-3h-2018-november-q9,Algebra,Quadratics and index laws,Algebra,Expanding three brackets,Algebra | Number,Expanding three brackets | Laws of indices | Quadratic formula,exams/questions/gcse/higher/p3/edexcel-1ma1-3h-2018-november-q9.pdf,b3c3aac1bf9a81451d3b84f5ee1e01bcba87e6f5f2731850119f17c939814d25,PDF text,True
edexcel-1ma1-3h-2018-november-q10,Algebra,Functions and inverse functions,Algebra,Functions,Algebra,Functions,exams/questions/gcse/higher/p3/edexcel-1ma1-3h-2018-november-q10.pdf,85c593d153d625a0f0b68d59c84707b898e6a79b765caae5de97a4e3691e44dd,PDF text,True
edexcel-1ma1-3h-2018-november-q11,Geometry and Measures,Trigonometry,Geometry and Measures,Trigonometric graphs,Geometry and Measures,Trigonometric graphs,exams/questions/gcse/higher/p3/edexcel-1ma1-3h-2018-november-q11.pdf,ce45b41830a2cb63dce02f351e2cbb9b7831186919b01a713a98f6937e09a479,PDF text,True
edexcel-1ma1-3h-2018-november-q12,Geometry and Measures,Volume and surface area,Geometry and Measures,Right-angled trigonometry,Geometry and Measures,Right-angled trigonometry,exams/questions/gcse/higher/p3/edexcel-1ma1-3h-2018-november-q12.pdf,6ed7756c81982f57e4e7088319f6ee11ba7b65c1ca592e716c87727205a6a13c,PDF text,True
edexcel-1ma1-3h-2018-november-q13,"Ratio, Proportion and Rates of Change",Growth and decay using recurrence relations,"Ratio, Proportion and Rates of Change",Compound growth and decay,"Ratio, Proportion and Rates of Change",Compound growth and decay,exams/questions/gcse/higher/p3/edexcel-1ma1-3h-2018-november-q13.pdf,5c2d66a3a6bd91add7137b2417dae5d6cd4b6256660e8e5aebad8bc63459344d,PDF text,True
edexcel-1ma1-3h-2018-november-q14,"Ratio, Proportion and Rates of Change",Direct and inverse proportion,"Ratio, Proportion and Rates of Change",Inverse proportion,"Ratio, Proportion and Rates of Change",Inverse proportion,exams/questions/gcse/higher/p3/edexcel-1ma1-3h-2018-november-q14.pdf,cb45748d5d7b78e2137f681f54aa1a629aa15899b0f1ef4ecf14cee17160e5aa,PDF text,True
edexcel-1ma1-3h-2018-november-q15,Algebra,Algebraic proof,Algebra,Algebraic proof,Algebra,Algebraic proof,exams/questions/gcse/higher/p3/edexcel-1ma1-3h-2018-november-q15.pdf,5c807e344061746bdac9c09e78c6d0b66cae48ce81b2f34722d1d58e26a72587,PDF text,False
edexcel-1ma1-3h-2018-november-q16,Geometry and Measures,Circle theorems,Geometry and Measures,Arc length,Geometry and Measures,Arc length,exams/questions/gcse/higher/p3/edexcel-1ma1-3h-2018-november-q16.pdf,63d6a4b057627ce8fcb14e2977d7a3edfacb99dbcb05ca1ccc72c42ab6dc178e,PDF text,True
edexcel-1ma1-3h-2018-november-q17,Statistics,Histograms,Statistics,Histograms,Statistics,Histograms | Median,exams/questions/gcse/higher/p3/edexcel-1ma1-3h-2018-november-q17.pdf,f6ced82fa130d55aecb52a5294fde63ff82023fd900d8c841eb3e08b53c2b381,PDF text,True
edexcel-1ma1-3h-2018-november-q18,"Ratio, Proportion and Rates of Change","Speed, distance and time",Number,Bounds,Number,Bounds,exams/questions/gcse/higher/p3/edexcel-1ma1-3h-2018-november-q18.pdf,a25998123b1df54a4123fa57e2704983992e2edf418ae3e3872c0d3dddc299a9,PDF text,True
edexcel-1ma1-3h-2018-november-q19,Algebra,Simultaneous equations,Algebra,Simultaneous equations with a quadratic,Algebra,Simultaneous equations with a quadratic,exams/questions/gcse/higher/p3/edexcel-1ma1-3h-2018-november-q19.pdf,64b2572a7debbd452a77529c5bcebdf5f9c61ce387bfbf8340e1650e66953e03,PDF text and visual,True
edexcel-1ma1-3h-2018-november-q20,Geometry and Measures,Transformations,Geometry and Measures,Transformations,Geometry and Measures,Transformations | Rotations | Translations,exams/questions/gcse/higher/p3/edexcel-1ma1-3h-2018-november-q20.pdf,c6b04917898780acdea6a76ff85a3b8a0a9e27422a797c17b04d3dc8a5131b61,PDF text and visual,True
edexcel-1ma1-3h-2019-june-q1,Probability,Venn diagrams and set notation,Probability,Venn diagrams,Probability,Venn diagrams,exams/questions/gcse/higher/p3/edexcel-1ma1-3h-2019-june-q1.pdf,fff54e1de45702c0a274354d0ea5c8d049b7eb388dedf202521e288568fb5924,PDF text,True
edexcel-1ma1-3h-2019-june-q2,"Ratio, Proportion and Rates of Change",Compound interest and repeated change,Number,Compound interest,Number,Compound interest,exams/questions/gcse/higher/p3/edexcel-1ma1-3h-2019-june-q2.pdf,ee3eb33275565c45c47b51c39891f6b6c1f40733ab80278594b77296fd00fa5e,PDF text,True
edexcel-1ma1-3h-2019-june-q3,Statistics,Averages and grouped data,Statistics,Frequency polygons,Statistics,Frequency polygons,exams/questions/gcse/higher/p3/edexcel-1ma1-3h-2019-june-q3.pdf,55b5704fd308abb8ebe27c9320284ca735bf6bd62da630528d5257440a1fba37,PDF text,True
edexcel-1ma1-3h-2019-june-q4,Algebra,Graphs and equations,Statistics,Time series,Statistics,Time series,exams/questions/gcse/higher/p3/edexcel-1ma1-3h-2019-june-q4.pdf,615ef58642c1f521e31ca7e991479aeaf204aa06091528a6476431d8ee70bd8b,PDF text,True
edexcel-1ma1-3h-2019-june-q5,Geometry and Measures,Polygons and angle reasoning,Geometry and Measures,Angles in polygons,Geometry and Measures,Angles in polygons,exams/questions/gcse/higher/p3/edexcel-1ma1-3h-2019-june-q5.pdf,cf09a06fde24ddd5a4b0a536bc2c0f8538c99eff1049ba7e650f0f9048dedbdc,PDF text,True
edexcel-1ma1-3h-2019-june-q6,Geometry and Measures,Volume and surface area,Geometry and Measures,Surface area,Geometry and Measures,Surface area,exams/questions/gcse/higher/p3/edexcel-1ma1-3h-2019-june-q6.pdf,dc1bbae577a8a215ff51ec95373dc4e6b65a2f5aa6f3277c211e661c764bde54,PDF text,True
edexcel-1ma1-3h-2019-june-q7,Number,Calculator calculations and rounding,Number,Calculator calculations,Number,Calculator calculations,exams/questions/gcse/higher/p3/edexcel-1ma1-3h-2019-june-q7.pdf,649ce85ffac1627c6cc597fa85aa7a57f3417aca8a5121ea18d17429410d6906,PDF text,True
edexcel-1ma1-3h-2019-june-q8,Geometry and Measures,Similar shapes and scale factors,Geometry and Measures,Pythagoras,Geometry and Measures,Pythagoras,exams/questions/gcse/higher/p3/edexcel-1ma1-3h-2019-june-q8.pdf,c40e28285f205e4677c3a5918857ea48161285686963be1c801485655ac01c98,PDF text,True
edexcel-1ma1-3h-2019-june-q9,"Ratio, Proportion and Rates of Change",Inverse proportion and work rates,"Ratio, Proportion and Rates of Change",Inverse proportion,"Ratio, Proportion and Rates of Change",Inverse proportion,exams/questions/gcse/higher/p3/edexcel-1ma1-3h-2019-june-q9.pdf,d0bd1f4a311ad2711ca88aba7281ff00dd51908a29e1c79265420a116424901a,PDF text,True
edexcel-1ma1-3h-2019-june-q10,"Ratio, Proportion and Rates of Change",Percentages and multipliers,Number,Percentages,Number,Percentages,exams/questions/gcse/higher/p3/edexcel-1ma1-3h-2019-june-q10.pdf,ee76ab0b46655db0aeb4589e6137971391f8aa5bc0733a22bec894ad28edbc6a,PDF text,True
edexcel-1ma1-3h-2019-june-q11,"Ratio, Proportion and Rates of Change","Speed, distance and time","Ratio, Proportion and Rates of Change",Speed,"Ratio, Proportion and Rates of Change",Speed,exams/questions/gcse/higher/p3/edexcel-1ma1-3h-2019-june-q11.pdf,41e18f49d3b5f64ce5dabbc0b60bc38ced43156d34e93c1f1dee8ea320bb7e47,PDF text,True
edexcel-1ma1-3h-2019-june-q12,"Ratio, Proportion and Rates of Change",Ratios and sharing,Number,Fractional indices,Number,Fractional indices,exams/questions/gcse/higher/p3/edexcel-1ma1-3h-2019-june-q12.pdf,7b92cfac89a0d4df3adb218cfe7ba74c8891e1f0fc1ed490caddb00b393e7cd5,PDF text and visual,True
edexcel-1ma1-3h-2019-june-q13,"Ratio, Proportion and Rates of Change","Density, mass and volume","Ratio, Proportion and Rates of Change",Density,"Ratio, Proportion and Rates of Change",Density,exams/questions/gcse/higher/p3/edexcel-1ma1-3h-2019-june-q13.pdf,9a4eb39583591dfea1a8bdb33d7fae22d1970c4b9583a158bae0b923172399d0,PDF text,True
edexcel-1ma1-3h-2019-june-q14,Geometry and Measures,Trigonometry,Geometry and Measures,Right-angled trigonometry,Geometry and Measures,Right-angled trigonometry,exams/questions/gcse/higher/p3/edexcel-1ma1-3h-2019-june-q14.pdf,18e4c5583b86af7a65e634cf99e3425204b285736b50fffb821ab1f4933dd629,PDF text,True
edexcel-1ma1-3h-2019-june-q15,Algebra,Graphs and equations,Algebra,Graph transformations,Algebra,Graph transformations,exams/questions/gcse/higher/p3/edexcel-1ma1-3h-2019-june-q15.pdf,3d790028b4fe1e26063b7ef5368a577da7ec7732aaac02b432f4f604160323fc,PDF text,True
edexcel-1ma1-3h-2019-june-q16,Algebra,Sequences and nth terms,Algebra,Quadratic sequences,Algebra,Quadratic sequences,exams/questions/gcse/higher/p3/edexcel-1ma1-3h-2019-june-q16.pdf,e929a60dcdb145d7a64c869a8396fdf4d78ef76c0f07189ccb9994ce7446cc0c,PDF text and visual,True
edexcel-1ma1-3h-2019-june-q17,"Ratio, Proportion and Rates of Change",Direct and inverse proportion,Algebra,Recognising graphs,Algebra,Recognising graphs,exams/questions/gcse/higher/p3/edexcel-1ma1-3h-2019-june-q17.pdf,0d0ffe03e7f1533dfc34c4b6f765835a0bc81fc5a16e484d852097e4f0ccf87c,PDF text,True
edexcel-1ma1-3h-2019-june-q18,Algebra,Expanding and simplifying expressions,Algebra,Expanding three brackets,Algebra,Expanding three brackets,exams/questions/gcse/higher/p3/edexcel-1ma1-3h-2019-june-q18.pdf,9e2c13f5c6af5fc483dc4a69923e79eaebe35d4bc53c4a5fb8fdc7ea213fef50,PDF text,True
edexcel-1ma1-3h-2019-june-q19,Number,Bounds and error intervals,Number,Bounds,Number,Bounds,exams/questions/gcse/higher/p3/edexcel-1ma1-3h-2019-june-q19.pdf,deb2dec3f3d93f2c86e8f0d16c292f4b9704e3faf0a46ba0284318f88bb7a7ef,PDF text,True
edexcel-1ma1-3h-2019-june-q20,Algebra,Simultaneous equations,Algebra,Simultaneous equations with a quadratic,Algebra,Simultaneous equations with a quadratic,exams/questions/gcse/higher/p3/edexcel-1ma1-3h-2019-june-q20.pdf,59b8dea145e9aa9ceb8820705dbea33cc2585f3654cc62865e66d504769c987e,PDF text and visual,True
edexcel-1ma1-3h-2019-june-q21,Statistics,Histograms,Statistics,Histograms,Statistics,Histograms | Pie charts,exams/questions/gcse/higher/p3/edexcel-1ma1-3h-2019-june-q21.pdf,1618bdbab5ddf0fd8ad8bc52e6325b38d0ded22f6eaad4e9c5ac0644b704b0e6,PDF text,True
edexcel-1ma1-3h-2019-june-q22,Geometry and Measures,Circle theorems,Algebra,Equation of a circle,Algebra,Equation of a circle,exams/questions/gcse/higher/p3/edexcel-1ma1-3h-2019-june-q22.pdf,c17297780b46c9293e6667842531825adab2cf1515420fee585153c8893d3b08,PDF text,True
edexcel-1ma1-3h-2019-june-q23,Geometry and Measures,Bearings and trigonometry,Geometry and Measures,Bearings with trigonometry,Geometry and Measures,Bearings with trigonometry,exams/questions/gcse/higher/p3/edexcel-1ma1-3h-2019-june-q23.pdf,30d51bc24346d53575cdbf0b412e45de706f65dbbf3d69fff96ccfb5ea607b3a,PDF text,True
edexcel-1ma1-3h-2019-november-q1,Algebra,Factorising expressions,Algebra,Expanding two brackets,Algebra,Expanding two brackets,exams/questions/gcse/higher/p3/edexcel-1ma1-3h-2019-november-q1.pdf,a9c8814bbc44fe8f683bb494f46a19647b7d1cf48c3dff8355119aa88583d66f,PDF text,True
edexcel-1ma1-3h-2019-november-q2,Number,Calculator calculations and rounding,Number,Calculator calculations,Number,Calculator calculations,exams/questions/gcse/higher/p3/edexcel-1ma1-3h-2019-november-q2.pdf,1be74dd0b32a954f75f68086a26ebf16963d6efbc55e43f2236d898012920896,PDF text,True
edexcel-1ma1-3h-2019-november-q3,Statistics,Scatter graphs and correlation,Statistics,Scatter graphs,Statistics,Scatter graphs,exams/questions/gcse/higher/p3/edexcel-1ma1-3h-2019-november-q3.pdf,d926e528e98fcf7bb1d4afa695ad37fd28be90d0c9e03ec7b1d9347223d1f884,PDF text,True
edexcel-1ma1-3h-2019-november-q4,Statistics,Averages and grouped data,Statistics,Estimated mean,Statistics,Estimated mean,exams/questions/gcse/higher/p3/edexcel-1ma1-3h-2019-november-q4.pdf,2739c8459922cc5db172b6f34c5b01969d9fa670786344d21627a3642777f87d,PDF text,True
edexcel-1ma1-3h-2019-november-q5,Geometry and Measures,Converting volume units,Geometry and Measures,Unit conversions,Geometry and Measures,Unit conversions,exams/questions/gcse/higher/p3/edexcel-1ma1-3h-2019-november-q5.pdf,e2950d0f752afe2c568865f4f714a95ac3bc61eb22807d256a63fe317789250e,PDF text,True
edexcel-1ma1-3h-2019-november-q6,"Ratio, Proportion and Rates of Change","Speed, distance and time","Ratio, Proportion and Rates of Change",Speed,"Ratio, Proportion and Rates of Change",Speed,exams/questions/gcse/higher/p3/edexcel-1ma1-3h-2019-november-q6.pdf,77dc3558785259f056e714f4fa64f5857de7f0c4e9f9e7f1c8fa682fca0bada5,PDF text,True
edexcel-1ma1-3h-2019-november-q7,Number,Standard form,Number,Standard form,Number,Standard form,exams/questions/gcse/higher/p3/edexcel-1ma1-3h-2019-november-q7.pdf,2060d5dc3497c5727a312e09787b14167240667d766b9efbcea5c2f968d6bc8f,PDF text,False
edexcel-1ma1-3h-2019-november-q8,Geometry and Measures,Polygons and angle reasoning,Geometry and Measures,Angles in polygons,Geometry and Measures,Angles in polygons,exams/questions/gcse/higher/p3/edexcel-1ma1-3h-2019-november-q8.pdf,f2a63310f81e7b4de4a7991dea187d2ff05cb592d7002405ed0810c9a56e3d4d,PDF text,True
edexcel-1ma1-3h-2019-november-q9,Geometry and Measures,Similar shapes and scale factors,Geometry and Measures,Enlargements,Geometry and Measures,Enlargements,exams/questions/gcse/higher/p3/edexcel-1ma1-3h-2019-november-q9.pdf,32220024a6b3cb4241170568b31b8af7a18b85c3425b317b616237667ae37ddb,PDF text,True
edexcel-1ma1-3h-2019-november-q10,Algebra,Solving equations,Algebra,Equations with unknowns on both sides,Algebra | Number,Equations with unknowns on both sides | Laws of indices,exams/questions/gcse/higher/p3/edexcel-1ma1-3h-2019-november-q10.pdf,fbf9fbaf71a610b1628782d3df1a87506f17939840621913101a2546dccf2d3d,PDF text and visual,True
edexcel-1ma1-3h-2019-november-q11,Probability,Tree diagrams and conditional probability,Probability,Tree diagrams,Probability,Tree diagrams,exams/questions/gcse/higher/p3/edexcel-1ma1-3h-2019-november-q11.pdf,4ab15ea18391bf16ccd17ceec789bdf41d2020e2617abc4578b4136bb213e5ef,PDF text,True
edexcel-1ma1-3h-2019-november-q12,Statistics,Cumulative frequency and quartiles,Statistics,Box plots,Statistics,Box plots | Stem-and-leaf diagrams,exams/questions/gcse/higher/p3/edexcel-1ma1-3h-2019-november-q12.pdf,f2a41d8e2e8a8663279085c651e858a117c46bb945eec19bf2f6752d8e3878df,PDF text,True
edexcel-1ma1-3h-2019-november-q13,"Ratio, Proportion and Rates of Change","Density, mass and volume","Ratio, Proportion and Rates of Change",Density,"Ratio, Proportion and Rates of Change",Density,exams/questions/gcse/higher/p3/edexcel-1ma1-3h-2019-november-q13.pdf,cc334819acda30b7c7c1f16b88971d7751bc5d5be115d970eb39352b058b1f96,PDF text,True
edexcel-1ma1-3h-2019-november-q14,"Ratio, Proportion and Rates of Change",Ratios and sharing,"Ratio, Proportion and Rates of Change",Combining ratios,"Ratio, Proportion and Rates of Change",Combining ratios,exams/questions/gcse/higher/p3/edexcel-1ma1-3h-2019-november-q14.pdf,24e49fdde69ff14035da1b4bb3c939dad54ddbc32c85561c9d239a7d93cc7d88,PDF text,True
edexcel-1ma1-3h-2019-november-q15,Algebra,Algebraic proof,Algebra,Algebraic proof,Algebra,Algebraic proof,exams/questions/gcse/higher/p3/edexcel-1ma1-3h-2019-november-q15.pdf,09e8d9111c56b195a727fb169642427056a98a31b99f1d708be0a48934b9690e,PDF text,False
edexcel-1ma1-3h-2019-november-q16,"Ratio, Proportion and Rates of Change",Direct and inverse proportion,"Ratio, Proportion and Rates of Change",Inverse proportion,"Ratio, Proportion and Rates of Change",Inverse proportion,exams/questions/gcse/higher/p3/edexcel-1ma1-3h-2019-november-q16.pdf,9dc0cabdbf482a373ffa6ed3cba240bd9ba40fe49f053ed64b2fa3f580fa4fc6,PDF text,True
edexcel-1ma1-3h-2019-november-q17,Algebra,Quadratic graphs and graphical solutions,Algebra,Quadratic graphs,Algebra,Quadratic graphs,exams/questions/gcse/higher/p3/edexcel-1ma1-3h-2019-november-q17.pdf,8d03773a37074033cc418264eb9a73fdc8f47cea143573467b49f798dae682e8,PDF text,True
edexcel-1ma1-3h-2019-november-q18,Geometry and Measures,Polygons and angle reasoning,Geometry and Measures,Similarity,Geometry and Measures,Similarity,exams/questions/gcse/higher/p3/edexcel-1ma1-3h-2019-november-q18.pdf,b824540cf31c3eb490cd382bc427f5ed73cb7b8183fa738dfc2dccf42179c27d,PDF text,True
edexcel-1ma1-3h-2019-november-q19,"Ratio, Proportion and Rates of Change","Speed, distance and time","Ratio, Proportion and Rates of Change",Distance-time graphs,"Ratio, Proportion and Rates of Change",Distance-time graphs,exams/questions/gcse/higher/p3/edexcel-1ma1-3h-2019-november-q19.pdf,7e7d8bab5c3c92ab19fd10e226e379ab5a2b4e209bf29ee89bb1eb117042395b,PDF text,True
edexcel-1ma1-3h-2019-november-q20,Algebra,Sequences and nth terms,Algebra,Quadratic sequences,Algebra,Quadratic sequences,exams/questions/gcse/higher/p3/edexcel-1ma1-3h-2019-november-q20.pdf,5b59e5cd0c72b0b9b3f4f07e68f7aecee888e9d3bf15ee57c8f22b79d32203c7,PDF text and visual,True
edexcel-1ma1-3h-2019-november-q21,Probability,Probability and combined events,Probability,Independent events,Probability,Independent events,exams/questions/gcse/higher/p3/edexcel-1ma1-3h-2019-november-q21.pdf,42452da14665584503faf7448398f708019db01e84f3576e2f1373f2d59c9fa6,PDF text,True
edexcel-1ma1-3h-2019-november-q22,Algebra,Algebraic fractions,Algebra,Algebraic fractions,Algebra,Algebraic fractions,exams/questions/gcse/higher/p3/edexcel-1ma1-3h-2019-november-q22.pdf,97b78c878e4e6efe5b08c6fc35a30dcaebeb3f801cf91068b050a0893917b989,PDF text,False
edexcel-1ma1-3h-2019-november-q23,Geometry and Measures,Circle theorems,Geometry and Measures,Arc length,Geometry and Measures,Arc length,exams/questions/gcse/higher/p3/edexcel-1ma1-3h-2019-november-q23.pdf,dbee0cf3b93c7fe51bbeb7a39f5ddd4ee425817a73074929b2abefd121350b01,PDF text,True
edexcel-1ma1-3h-2019-november-q24,Geometry and Measures,Vectors and geometric proof,Geometry and Measures,Vector geometry,Geometry and Measures,Vector geometry,exams/questions/gcse/higher/p3/edexcel-1ma1-3h-2019-november-q24.pdf,3ea36bd345ecbf6923734b6f724bdb1c7ec6578de3187a58f4bc7a1453701c4f,PDF text,True
edexcel-1ma1-3h-2020-november-q1,Algebra,Solving equations,Number,Laws of indices,Number,Laws of indices,exams/questions/gcse/higher/p3/edexcel-1ma1-3h-2020-november-q1.pdf,5a2a88e18798655d1cc1a1b99a9af4395dea1b95d58e115cb25517a4eb1284c0,PDF text,True
edexcel-1ma1-3h-2020-november-q2,"Ratio, Proportion and Rates of Change","Speed, distance and time","Ratio, Proportion and Rates of Change",Speed,"Ratio, Proportion and Rates of Change",Speed,exams/questions/gcse/higher/p3/edexcel-1ma1-3h-2020-november-q2.pdf,9a38538c8c6b284a9e4137fa693c357f0acc7d85b0a0a5a364479816da036f96,PDF text,True
edexcel-1ma1-3h-2020-november-q3,Number,Bounds and error intervals,Number,Error intervals,Number,Error intervals,exams/questions/gcse/higher/p3/edexcel-1ma1-3h-2020-november-q3.pdf,3ea4ef9a81453fd8f8f406fa1e1fc228e8d052f56ab169f94065e5475b1b2d69,PDF text,True
edexcel-1ma1-3h-2020-november-q4,Geometry and Measures,Area and coverage,Geometry and Measures,Area,Geometry and Measures,Area,exams/questions/gcse/higher/p3/edexcel-1ma1-3h-2020-november-q4.pdf,73bae8c4d576223a330c621e9d9140adc6d84e284be4068bc6808d292a7c801e,PDF text,True
edexcel-1ma1-3h-2020-november-q5,Probability,Tree diagrams and conditional probability,Probability,Tree diagrams,Probability,Tree diagrams,exams/questions/gcse/higher/p3/edexcel-1ma1-3h-2020-november-q5.pdf,e329c99efb3d6ace58d2cd2e55fcd4c23acc900b2316612ecdc632afb57d5319,PDF text,True
edexcel-1ma1-3h-2020-november-q6,Algebra,Simultaneous equations,Algebra,Linear simultaneous equations,Algebra,Linear simultaneous equations | Quadratic graphs,exams/questions/gcse/higher/p3/edexcel-1ma1-3h-2020-november-q6.pdf,5fad9795030e49816d430b731fd7af20e694880cb8c5033dfb0f12a51a5b1024,PDF text,True
edexcel-1ma1-3h-2020-november-q7,Statistics,Averages and grouped data,Statistics,Mean,Statistics,Mean,exams/questions/gcse/higher/p3/edexcel-1ma1-3h-2020-november-q7.pdf,1b8a5e8e48fe37cd11425f7f62920d33e1e34c817a107e5a2a8e60091af35ffe,PDF text,True
edexcel-1ma1-3h-2020-november-q8,Probability,Probability and combined events,Probability,Probability tables,Probability,Probability tables,exams/questions/gcse/higher/p3/edexcel-1ma1-3h-2020-november-q8.pdf,da532f10cfdb9f569b0ccdfe6abc165d491e5245d85caffde7aed899ba96f93a,PDF text,True
edexcel-1ma1-3h-2020-november-q9,Geometry and Measures,Volume and surface area,Geometry and Measures,Volume,Geometry and Measures,Volume,exams/questions/gcse/higher/p3/edexcel-1ma1-3h-2020-november-q9.pdf,7e15ad391e51e6786b66d85b548dd1992dd71ac72e6f15fc524c512b4ccac68f,PDF text,True
edexcel-1ma1-3h-2020-november-q10,Number,Standard form,Number,Standard form calculations,Number,Standard form calculations,exams/questions/gcse/higher/p3/edexcel-1ma1-3h-2020-november-q10.pdf,c87c2c3d586f5c03db47c57d99fb9b99b7540454346adbfc994d44a4d0fe1502,PDF text,True
edexcel-1ma1-3h-2020-november-q11,Geometry and Measures,Transformations,Geometry and Measures,Transformations,Geometry and Measures,Transformations | Rotations | Translations,exams/questions/gcse/higher/p3/edexcel-1ma1-3h-2020-november-q11.pdf,b52d5429e3364ca1abfa95751c2888db269c38ca24d37404ac81b2f72bf0e7ff,PDF text and visual,True
edexcel-1ma1-3h-2020-november-q12,Algebra,Expanding and simplifying expressions,Algebra,Expanding three brackets,Algebra,Expanding three brackets | Algebraic fractions,exams/questions/gcse/higher/p3/edexcel-1ma1-3h-2020-november-q12.pdf,eee6dbc927913c141cd21e76e1eb1a13821bea4ed3e9426f6f0ef418972dec90,PDF text,True
edexcel-1ma1-3h-2020-november-q13,Algebra,Algebraic inequalities,Algebra,Linear inequalities,Algebra,Linear inequalities,exams/questions/gcse/higher/p3/edexcel-1ma1-3h-2020-november-q13.pdf,b1cf6446cd97d8e31d501d73f02a1045d7500ad2c42c11015b5ea32c20bf5739,PDF text,True
edexcel-1ma1-3h-2020-november-q14,Geometry and Measures,Circle theorems,Geometry and Measures,Circle theorems,Geometry and Measures,Circle theorems,exams/questions/gcse/higher/p3/edexcel-1ma1-3h-2020-november-q14.pdf,c415aa47e4b1b678c7f68255cbea0d81795cd2082081980a264a87984e9be490,PDF text,False
edexcel-1ma1-3h-2020-november-q15,Number,Recurring decimals as fractions,Number,Recurring decimals,Number,Recurring decimals,exams/questions/gcse/higher/p3/edexcel-1ma1-3h-2020-november-q15.pdf,9ac1da7af371270f42c4fcc903543d557314201b702750c058884ca11cf508ce,PDF text,True
edexcel-1ma1-3h-2020-november-q16,"Ratio, Proportion and Rates of Change","Speed, distance and time","Ratio, Proportion and Rates of Change",Velocity-time graphs,"Ratio, Proportion and Rates of Change",Velocity-time graphs,exams/questions/gcse/higher/p3/edexcel-1ma1-3h-2020-november-q16.pdf,438af1be4decad0455cc5a3fd1cfe60dc1341c33f084b417a03fc0bafde3671a,PDF text,True
edexcel-1ma1-3h-2020-november-q17,Statistics,Histograms,Statistics,Histograms,Statistics,Histograms | Estimated mean,exams/questions/gcse/higher/p3/edexcel-1ma1-3h-2020-november-q17.pdf,f66c6a12fecac7cb770adc2b32721ac49fe0bd7d34852394016b4593d84b54cd,PDF text,True
edexcel-1ma1-3h-2020-november-q18,Geometry and Measures,Pythagoras in three dimensions and bounds,Number,Bounds,Number,Bounds,exams/questions/gcse/higher/p3/edexcel-1ma1-3h-2020-november-q18.pdf,109fc5da05624a6319ca2014c702c455fccd43cc57e136c4ae939e8c8745c912,PDF text,True
edexcel-1ma1-3h-2020-november-q19,Geometry and Measures,Similar shapes and scale factors,Geometry and Measures,Similarity,Geometry and Measures,Similarity,exams/questions/gcse/higher/p3/edexcel-1ma1-3h-2020-november-q19.pdf,dd16c6d53fb7839f2cb21274974648a0c701b7af7320b778f6590f0d04da70f2,PDF text,True
edexcel-1ma1-3h-2020-november-q20,Number,"Prime factors, HCF and LCM",Number,HCF and LCM,Number,HCF and LCM,exams/questions/gcse/higher/p3/edexcel-1ma1-3h-2020-november-q20.pdf,d4d66e2042d4ef0d48fe5f57062e37cea3e753569be4ee1506910cdb8551201c,PDF text,True
edexcel-1ma1-3h-2020-november-q21,"Ratio, Proportion and Rates of Change",Ratios and sharing,"Ratio, Proportion and Rates of Change",Ratio problem solving,"Ratio, Proportion and Rates of Change",Ratio problem solving,exams/questions/gcse/higher/p3/edexcel-1ma1-3h-2020-november-q21.pdf,8b839bcb6f258b10b88e25f02f07f3636e1aad7716ab86923bffb38b38c90b74,PDF text,True
edexcel-1ma1-3h-2021-november-q1,Statistics,Scatter graphs and correlation,Statistics,Scatter graphs,Statistics,Scatter graphs,exams/questions/gcse/higher/p3/edexcel-1ma1-3h-2021-november-q1.pdf,8c3a97c533a95bb4b9e0d2c5a722c2525797859ad5423bedcb3ba7b1837af7c6,PDF text,True
edexcel-1ma1-3h-2021-november-q2,"Ratio, Proportion and Rates of Change",Ratios and sharing,"Ratio, Proportion and Rates of Change",Sharing in a ratio,"Ratio, Proportion and Rates of Change",Sharing in a ratio,exams/questions/gcse/higher/p3/edexcel-1ma1-3h-2021-november-q2.pdf,759c52ca8f182204e9c30703118d771e837ce8502ded7bbaa2fcbfd0b2866806,PDF text,True
edexcel-1ma1-3h-2021-november-q3,Number,Standard form,Number,Standard form calculations,Number,Standard form calculations,exams/questions/gcse/higher/p3/edexcel-1ma1-3h-2021-november-q3.pdf,c3d24525b5f79c421b2b3ff79da96009626ffd710342e8ddeedeede9dab4ce34,PDF text,True
edexcel-1ma1-3h-2021-november-q4,"Ratio, Proportion and Rates of Change",Proportion and rates,"Ratio, Proportion and Rates of Change",Compound measures,"Ratio, Proportion and Rates of Change",Compound measures,exams/questions/gcse/higher/p3/edexcel-1ma1-3h-2021-november-q4.pdf,a62a2b67a0d6c7db02d2c00ce292e500b002a3cf6d1b9c987d385b27796da702,PDF text,True
edexcel-1ma1-3h-2021-november-q5,Algebra,Sequences and nth terms,Algebra,Sequences,Algebra,Sequences | Forming equations,exams/questions/gcse/higher/p3/edexcel-1ma1-3h-2021-november-q5.pdf,28c0e1c0da36e7da372d5aa36f5c67c251a5330f6c639cbc8cdcee6c477280cf,PDF text and visual,True
edexcel-1ma1-3h-2021-november-q6,Probability,Probability and combined events,Probability,Probability tables,Probability,Probability tables,exams/questions/gcse/higher/p3/edexcel-1ma1-3h-2021-november-q6.pdf,05b5624aa01bdb71bf9cc9dc48fb9ded36107f3887be24d5fd15978716758c3f,PDF text,True
edexcel-1ma1-3h-2021-november-q7,Geometry and Measures,Circle theorems,Geometry and Measures,Sector area,Geometry and Measures,Sector area,exams/questions/gcse/higher/p3/edexcel-1ma1-3h-2021-november-q7.pdf,b67becbeed4d52dc6524de1edab5abd13fd19622abf8049197b3f991f4e9e87b,PDF text,True
edexcel-1ma1-3h-2021-november-q8,"Ratio, Proportion and Rates of Change",Direct and inverse proportion,"Ratio, Proportion and Rates of Change",Proportion equations,"Ratio, Proportion and Rates of Change",Proportion equations,exams/questions/gcse/higher/p3/edexcel-1ma1-3h-2021-november-q8.pdf,9cd4231b5b7f5eac7d23fe5b7a29b120c025e95524483dbf582a2131b1bb5720,PDF text,True
edexcel-1ma1-3h-2021-november-q9,"Ratio, Proportion and Rates of Change",Inverse proportion and work rates,"Ratio, Proportion and Rates of Change",Inverse proportion,"Ratio, Proportion and Rates of Change",Inverse proportion,exams/questions/gcse/higher/p3/edexcel-1ma1-3h-2021-november-q9.pdf,e7c3f4ac24ed1718d4fb4ad3a3779cce91b46c08a072de69f24724a087484a22,PDF text,True
edexcel-1ma1-3h-2021-november-q10,Geometry and Measures,Trigonometry,Geometry and Measures,Similarity,Geometry and Measures,Similarity,exams/questions/gcse/higher/p3/edexcel-1ma1-3h-2021-november-q10.pdf,72ca165390aeaf3ab4eac885478ad9e644dcfed4a41816a13b84d728f1a9e542,PDF text,True
edexcel-1ma1-3h-2021-november-q11,Number,Bounds and error intervals,Number,Error intervals,Number,Error intervals,exams/questions/gcse/higher/p3/edexcel-1ma1-3h-2021-november-q11.pdf,3521d98ac0616d5069e896c9941e8fc18fa31d3867f6d9524cec132629c23fdb,PDF text,True
edexcel-1ma1-3h-2021-november-q12,Algebra,Simplifying expressions using index laws,Number,Laws of indices,Number,Laws of indices,exams/questions/gcse/higher/p3/edexcel-1ma1-3h-2021-november-q12.pdf,624b301017149586ba7b316782ab55a7b97b7e840da982ff9c9239b118deb9d9,PDF text,True
edexcel-1ma1-3h-2021-november-q13,Geometry and Measures,Vectors and geometric proof,Algebra,Coordinates,Algebra,Coordinates,exams/questions/gcse/higher/p3/edexcel-1ma1-3h-2021-november-q13.pdf,cc5dcf06adb5fe022f87876fe0924338e8c869e2833f0eb597e1b09489fcafd0,PDF text,True
edexcel-1ma1-3h-2021-november-q14,"Ratio, Proportion and Rates of Change",Ratios and sharing,"Ratio, Proportion and Rates of Change",Combining ratios,"Ratio, Proportion and Rates of Change",Combining ratios,exams/questions/gcse/higher/p3/edexcel-1ma1-3h-2021-november-q14.pdf,704a6cf012f290048d4ffbb3e5e546f268a388f3de3653c46329a65c5a1e3cc0,PDF text,True
edexcel-1ma1-3h-2021-november-q15,Geometry and Measures,Volume and surface area,Algebra,Gradient,Algebra,Gradient,exams/questions/gcse/higher/p3/edexcel-1ma1-3h-2021-november-q15.pdf,faa58fabb7fb908c097e5ad1d469be9b3fa438254464a7d7eee9fec18d8583bd,PDF text,True
edexcel-1ma1-3h-2021-november-q16,Algebra,Graphs and equations,Algebra,Simultaneous equations with a quadratic,Algebra,Simultaneous equations with a quadratic,exams/questions/gcse/higher/p3/edexcel-1ma1-3h-2021-november-q16.pdf,9dca805c32178fff349ab836eaf57d6e089a30659b7bad06e377c3ca485f92e7,PDF text and visual,True
edexcel-1ma1-3h-2021-november-q17,"Ratio, Proportion and Rates of Change",Direct and inverse proportion,"Ratio, Proportion and Rates of Change",Direct proportion,"Ratio, Proportion and Rates of Change",Direct proportion,exams/questions/gcse/higher/p3/edexcel-1ma1-3h-2021-november-q17.pdf,b062f467a6124e1971874ca0f42e90e33b40947a725d36c43c5a5e7bec207c43,PDF text,True
edexcel-1ma1-3h-2021-november-q18,Geometry and Measures,Vectors and geometric proof,Geometry and Measures,Vectors,Geometry and Measures,Vectors,exams/questions/gcse/higher/p3/edexcel-1ma1-3h-2021-november-q18.pdf,d99f5db3c4d76bcb556b669f6768cb44edeb3661f79a21543cbab14333ef64dc,PDF text,True
edexcel-1ma1-3h-2021-november-q19,"Ratio, Proportion and Rates of Change",Growth and decay using recurrence relations,"Ratio, Proportion and Rates of Change",Compound growth and decay,"Ratio, Proportion and Rates of Change",Compound growth and decay,exams/questions/gcse/higher/p3/edexcel-1ma1-3h-2021-november-q19.pdf,b9cdd8b6eeeeb122b9a6de4356dc92b841a3adb0f73066abc825abcf118ada25,PDF text,True
edexcel-1ma1-3h-2021-november-q20,Probability,Probability and combined events,Probability,Independent events,Probability,Independent events,exams/questions/gcse/higher/p3/edexcel-1ma1-3h-2021-november-q20.pdf,c7d6cfcf83eeced07a85c7581df3d7bbd48b8e37d60f75ea6978373e99a0c8e9,PDF text,True
edexcel-1ma1-3h-2021-november-q21,"Ratio, Proportion and Rates of Change","Speed, distance and time","Ratio, Proportion and Rates of Change",Velocity-time graphs,"Ratio, Proportion and Rates of Change",Velocity-time graphs,exams/questions/gcse/higher/p3/edexcel-1ma1-3h-2021-november-q21.pdf,2a663b2dfdc65a97c60be43e8b0feb10b12c574f8fb37bd1e90a7e5f3e692857,PDF text,True
edexcel-1ma1-3h-2021-november-q22,Algebra,Algebraic fractions,Algebra,Algebraic fractions,Algebra,Algebraic fractions,exams/questions/gcse/higher/p3/edexcel-1ma1-3h-2021-november-q22.pdf,71eef87304333fbfa17bfe1c32e7c6af258e9b590242cc5208c44e2d927af5c5,PDF text,False
edexcel-1ma1-3h-2021-november-q23,Geometry and Measures,Similar triangles and proof,Geometry and Measures,Sine rule,Geometry and Measures,Sine rule,exams/questions/gcse/higher/p3/edexcel-1ma1-3h-2021-november-q23.pdf,6c8e22f696d68e7ae69fc35b32abece5b4f245fd60d2fccb546260760f979b3a,PDF text and visual,True
edexcel-1ma1-3h-2022-june-q1,Geometry and Measures,Pythagoras theorem,Geometry and Measures,Pythagoras,Geometry and Measures,Pythagoras,exams/questions/gcse/higher/p3/edexcel-1ma1-3h-2022-june-q1.pdf,83cd8d8e19223c196693c492fa218333a2b178a72e0431b6c8f081038df7da39,PDF text,True
edexcel-1ma1-3h-2022-june-q2,Algebra,Rearranging formulae,Algebra,Rearranging formulae,Algebra,Rearranging formulae,exams/questions/gcse/higher/p3/edexcel-1ma1-3h-2022-june-q2.pdf,86c19109d76fc1cefc3cbb18509d6ad696aa60df2df877663774ca96e6a6151d,PDF text,False
edexcel-1ma1-3h-2022-june-q3,"Ratio, Proportion and Rates of Change",Ratios and sharing,Algebra,Forming equations,Algebra,Forming equations,exams/questions/gcse/higher/p3/edexcel-1ma1-3h-2022-june-q3.pdf,4bdc09c2f9ff8eacb1da6366bddcb3651652ede92b46abf2d7409bd0c87cab1b,PDF text,True
edexcel-1ma1-3h-2022-june-q4,"Ratio, Proportion and Rates of Change",Percentages and multipliers,"Ratio, Proportion and Rates of Change",Best buys,"Ratio, Proportion and Rates of Change",Best buys,exams/questions/gcse/higher/p3/edexcel-1ma1-3h-2022-june-q4.pdf,4d05f94681fad6b0c53a6ddf65618a0e90f6cb5d4ea7def74d6170812168af98,PDF text,True
edexcel-1ma1-3h-2022-june-q5,Statistics,Averages and grouped data,Statistics,Frequency polygons,Statistics,Frequency polygons,exams/questions/gcse/higher/p3/edexcel-1ma1-3h-2022-june-q5.pdf,a8de8fbeb660287e7a890d9f893680c4c9208afefcac018b64cf269aec788e97,PDF text,True
edexcel-1ma1-3h-2022-june-q6,"Ratio, Proportion and Rates of Change","Speed, distance and time","Ratio, Proportion and Rates of Change",Speed,"Ratio, Proportion and Rates of Change",Speed,exams/questions/gcse/higher/p3/edexcel-1ma1-3h-2022-june-q6.pdf,9ef95d31c433c2243dba4485b7505cac6fc81f5620f5246fc4a58348c5870be9,PDF text,True
edexcel-1ma1-3h-2022-june-q7,Geometry and Measures,Area and perimeter,Algebra,Expanding and simplifying,Algebra | Geometry and Measures,Expanding and simplifying | Area | Expanding two brackets,exams/questions/gcse/higher/p3/edexcel-1ma1-3h-2022-june-q7.pdf,8c19d2ea17b8ccb585dc9b0f64ae0b7c3c1fb7aec72467990fdee8c32b820ea7,PDF text,True
edexcel-1ma1-3h-2022-june-q8,Algebra,Straight-line graphs and equations,Algebra,Gradient,Algebra,Gradient,exams/questions/gcse/higher/p3/edexcel-1ma1-3h-2022-june-q8.pdf,1af7c1cdf9b07d4a06def1706d1bea7b53719d4ebe4aa85390b5b98ad5df257b,PDF text,True
edexcel-1ma1-3h-2022-june-q9,Number,"Powers, roots and indices",Number,Laws of indices,Number,Laws of indices,exams/questions/gcse/higher/p3/edexcel-1ma1-3h-2022-june-q9.pdf,188fb9e26b5233a0d6b73c103df3e0d2ebab20f8a365b9b6249b99e469124191,PDF text,True
edexcel-1ma1-3h-2022-june-q10,"Ratio, Proportion and Rates of Change",Compound interest and repeated change,Number,Depreciation,Number,Depreciation,exams/questions/gcse/higher/p3/edexcel-1ma1-3h-2022-june-q10.pdf,84ec8070fa9d70f8501200927ea60875adead92ce0e7e357b11564d6c1fe77c6,PDF text,True
edexcel-1ma1-3h-2022-june-q11,Number,Product rule for counting,Probability,Product rule for counting,Probability,Product rule for counting,exams/questions/gcse/higher/p3/edexcel-1ma1-3h-2022-june-q11.pdf,2ab74be72f162b7e112ca52d116141e0b2324a57ac47705d4a151b58f471c167,PDF text,True
edexcel-1ma1-3h-2022-june-q12,Geometry and Measures,Trigonometry,Geometry and Measures,Right-angled trigonometry,Geometry and Measures,Right-angled trigonometry,exams/questions/gcse/higher/p3/edexcel-1ma1-3h-2022-june-q12.pdf,bbee66c96afd67757f2ee3e25b490b3501693c68accbf70e49bf6bc935881aa6,PDF text,True
edexcel-1ma1-3h-2022-june-q13,Geometry and Measures,Vectors and geometric proof,Geometry and Measures,Vectors,Geometry and Measures,Vectors,exams/questions/gcse/higher/p3/edexcel-1ma1-3h-2022-june-q13.pdf,fc216a5d23d7ada2fd8437fdd19e83b475c5a44e49e43efc66c06bfc533c0a28,PDF text,True
edexcel-1ma1-3h-2022-june-q14,Algebra,Factorising expressions,Algebra,Expanding three brackets,Algebra,Expanding three brackets | Difference of two squares,exams/questions/gcse/higher/p3/edexcel-1ma1-3h-2022-june-q14.pdf,e5736ba0b7fccea016fbe6651fec85e785b49c36cd7b28789cf9e45e2a1a4ce9,PDF text,True
edexcel-1ma1-3h-2022-june-q15,Geometry and Measures,Similar shapes and scale factors,Geometry and Measures,Similarity,Geometry and Measures,Similarity,exams/questions/gcse/higher/p3/edexcel-1ma1-3h-2022-june-q15.pdf,b9f42e40fa544fa0f3cff701c2849e9c27e2de5151db078e54d08caebf2cf7ac,PDF text,True
edexcel-1ma1-3h-2022-june-q16,Number,Bounds and error intervals,Number,Bounds,Number,Bounds,exams/questions/gcse/higher/p3/edexcel-1ma1-3h-2022-june-q16.pdf,e558fe0618117163b4376d8760595d37016570cb9841739c25d1f94843240b1e,PDF text,True
edexcel-1ma1-3h-2022-june-q17,Statistics,Histograms,Statistics,Histograms,Statistics,Histograms,exams/questions/gcse/higher/p3/edexcel-1ma1-3h-2022-june-q17.pdf,e65e0da21ce17a4b0163ae920d213d48f64d7cdd6efe7839cbc242e9fe717d75,PDF text,False
edexcel-1ma1-3h-2022-june-q18,Geometry and Measures,Volume and surface area,Geometry and Measures,Right-angled trigonometry,Geometry and Measures,Right-angled trigonometry,exams/questions/gcse/higher/p3/edexcel-1ma1-3h-2022-june-q18.pdf,a53b69e0d2069b0fe375904c7f7110425ae623bed2b8d7760756a718921421f0,PDF text,True
edexcel-1ma1-3h-2022-june-q19,Algebra,Algebraic fractions,Algebra,Algebraic fractions,Algebra,Algebraic fractions,exams/questions/gcse/higher/p3/edexcel-1ma1-3h-2022-june-q19.pdf,97e1769746479510b5516b4cf702f321a9968f115a1dfbc97f41715f78fae4fd,PDF text,False
edexcel-1ma1-3h-2022-june-q20,"Ratio, Proportion and Rates of Change",Compound interest and repeated change,"Ratio, Proportion and Rates of Change",Compound growth and decay,"Ratio, Proportion and Rates of Change",Compound growth and decay,exams/questions/gcse/higher/p3/edexcel-1ma1-3h-2022-june-q20.pdf,651753b4fd72486f00e6ede6a27f54b9176552fb850bb0b6ae71418170f5261f,PDF text,True
edexcel-1ma1-3h-2022-june-q21,Probability,Probability and combined events,Probability,Probability without replacement,Probability,Probability without replacement,exams/questions/gcse/higher/p3/edexcel-1ma1-3h-2022-june-q21.pdf,c600a5c6d7ed5e94bc2f054d41dc58b95afce6a2f363cd036c55ac909db61006,PDF text,True
edexcel-1ma1-3h-2022-june-q22,Algebra,Straight-line graphs and equations,Algebra,Simultaneous equations with a quadratic,Algebra,Simultaneous equations with a quadratic,exams/questions/gcse/higher/p3/edexcel-1ma1-3h-2022-june-q22.pdf,54903492e88efab8af3b3605e7045022acd158fdb4ee45a9dc2f3d221c1a74f8,PDF text and visual,True
edexcel-1ma1-3h-2022-november-q1,Algebra,Rearranging formulae,Algebra,Rearranging formulae,Algebra,Rearranging formulae,exams/questions/gcse/higher/p3/edexcel-1ma1-3h-2022-november-q1.pdf,a34a7270efd86c91665b110f04547dad738825c89701210053a49e432b360ec3,PDF text,False
edexcel-1ma1-3h-2022-november-q2,"Ratio, Proportion and Rates of Change",Ratios and sharing,"Ratio, Proportion and Rates of Change",Sharing in a ratio,"Ratio, Proportion and Rates of Change",Sharing in a ratio,exams/questions/gcse/higher/p3/edexcel-1ma1-3h-2022-november-q2.pdf,c865124e51d974666cbbf12b242fcc7e960213a2bc1538045b546c0a823d8b29,PDF text,True
edexcel-1ma1-3h-2022-november-q3,Statistics,Two-way tables,Statistics,Two-way tables,Statistics,Two-way tables,exams/questions/gcse/higher/p3/edexcel-1ma1-3h-2022-november-q3.pdf,61f2c63ce23438e787b43caea83c627fe7046cf634e1579545f4250343075518,PDF text,False
edexcel-1ma1-3h-2022-november-q4,Geometry and Measures,Volume and surface area,Geometry and Measures,Volume,Geometry and Measures,Volume,exams/questions/gcse/higher/p3/edexcel-1ma1-3h-2022-november-q4.pdf,dc447f1d53f5cb9070a433c917f6e955d8a309a5025d1ea38b9fa4ae4a12dedc,PDF text,True
edexcel-1ma1-3h-2022-november-q5,Geometry and Measures,Similar shapes and scale factors,Geometry and Measures,Similarity,Geometry and Measures,Similarity,exams/questions/gcse/higher/p3/edexcel-1ma1-3h-2022-november-q5.pdf,c30d1c97a6fb9f0403ed5a8a2d638f23132a0d3386b3e4d97e8260e13b240477,PDF text,True
edexcel-1ma1-3h-2022-november-q6,Probability,Tree diagrams and conditional probability,Probability,Tree diagrams,Probability,Tree diagrams,exams/questions/gcse/higher/p3/edexcel-1ma1-3h-2022-november-q6.pdf,97875853ec66e03b3cbf2b23b2aff9676f5faad0cb6618d91bc5d61dbdfd7eea,PDF text,True
edexcel-1ma1-3h-2022-november-q7,"Ratio, Proportion and Rates of Change","Speed, distance and time",Geometry and Measures,Unit conversions,Geometry and Measures,Unit conversions,exams/questions/gcse/higher/p3/edexcel-1ma1-3h-2022-november-q7.pdf,8709fd676a77791f210ea55e24bb82e61235911130eab3424dccd5a637d8f38d,PDF text,True
edexcel-1ma1-3h-2022-november-q8,Statistics,Averages and grouped data,Statistics,Mean,Statistics,Mean,exams/questions/gcse/higher/p3/edexcel-1ma1-3h-2022-november-q8.pdf,40fde4412740205c9605203a52b602e05011ad0216099b7452564a15a64d116c,PDF text,True
edexcel-1ma1-3h-2022-november-q9,Number,Standard form,Number,Standard form calculations,Number,Standard form calculations,exams/questions/gcse/higher/p3/edexcel-1ma1-3h-2022-november-q9.pdf,e5a77b754a9a81b942fca5b08a682f60a66ccd52b5b1a2e4bae8a54ab73045f2,PDF text,True
edexcel-1ma1-3h-2022-november-q10,Algebra,Expanding and simplifying expressions,Algebra,Expanding and simplifying,Algebra,Expanding and simplifying,exams/questions/gcse/higher/p3/edexcel-1ma1-3h-2022-november-q10.pdf,7902aca3ce3d253fdc05c11f0a8271b3984b668dbcc64afba72000426491ae6f,PDF text,True
edexcel-1ma1-3h-2022-november-q11,Algebra,Algebraic inequalities,Algebra,Compound inequalities,Algebra,Compound inequalities,exams/questions/gcse/higher/p3/edexcel-1ma1-3h-2022-november-q11.pdf,6c332f76df383c58690069370d60cc5fa789fa47161551e22bbbfccd94d77959,PDF text,True
edexcel-1ma1-3h-2022-november-q12,Number,Bounds and error intervals,Number,Error intervals,Number,Error intervals,exams/questions/gcse/higher/p3/edexcel-1ma1-3h-2022-november-q12.pdf,da05419d54aa526634878cd4d1b099ab92da1d6fac8c3ecc5ef7a2cb3366e493,PDF text,True
edexcel-1ma1-3h-2022-november-q13,Statistics,Cumulative frequency and quartiles,Statistics,Cumulative frequency,Statistics,Cumulative frequency,exams/questions/gcse/higher/p3/edexcel-1ma1-3h-2022-november-q13.pdf,26ee22775a9c56f89f5a9ceef52821bafdeda12674d880a55c42d00a83d4f5ce,PDF text,True
edexcel-1ma1-3h-2022-november-q14,Algebra,Expanding and simplifying expressions,Algebra,Expanding three brackets,Algebra | Number,Expanding three brackets | Laws of indices,exams/questions/gcse/higher/p3/edexcel-1ma1-3h-2022-november-q14.pdf,43446dcef0129524c3fd3bc817788e845a522d7315299eaa75635cd9926f3144,PDF text,True
edexcel-1ma1-3h-2022-november-q15,Number,Product rule for counting,Probability,Product rule for counting,Probability,Product rule for counting,exams/questions/gcse/higher/p3/edexcel-1ma1-3h-2022-november-q15.pdf,cdf4ae1a4b97a7e06484d71e8ad7a34f586986e786763f744cbd6b23793e56b8,PDF text,True
edexcel-1ma1-3h-2022-november-q16,Geometry and Measures,Circle theorems,Geometry and Measures,Circle theorems,Geometry and Measures,Circle theorems,exams/questions/gcse/higher/p3/edexcel-1ma1-3h-2022-november-q16.pdf,88c6e7647516187fa6f1a6506219b9b7b40ebb001d99ec2a80afdbb92f0f2d15,PDF text,False
edexcel-1ma1-3h-2022-november-q17,"Ratio, Proportion and Rates of Change",Percentages and multipliers,"Ratio, Proportion and Rates of Change",Combining ratios,"Ratio, Proportion and Rates of Change",Combining ratios,exams/questions/gcse/higher/p3/edexcel-1ma1-3h-2022-november-q17.pdf,9f1b182ea723eb1e13b5a370fa420411803ce6348d78bc3de1ae8cb434c6a9c3,PDF text,True
edexcel-1ma1-3h-2022-november-q18,Geometry and Measures,Transformations,Geometry and Measures,Transformations,Geometry and Measures,Transformations | Reflections | Translations,exams/questions/gcse/higher/p3/edexcel-1ma1-3h-2022-november-q18.pdf,ee4cdf232d7becc32674574ba90a1c690a2936dae91a0c76e7e948ef50d72c85,PDF text and visual,True
edexcel-1ma1-3h-2022-november-q19,Probability,Probability and combined events,Probability,Expected frequency,Probability,Expected frequency,exams/questions/gcse/higher/p3/edexcel-1ma1-3h-2022-november-q19.pdf,411acc2b32abf6d93809f3c750d51b062d338b8e40b4d17f77dd06a5edfc4b74,PDF text,True
edexcel-1ma1-3h-2022-november-q20,Geometry and Measures,Congruent triangles and proof,Geometry and Measures,Congruence,Geometry and Measures,Congruence,exams/questions/gcse/higher/p3/edexcel-1ma1-3h-2022-november-q20.pdf,6c525701103ff0aa816faaa5dd6bbc666c793d7fbe43e2ee59558222efcfe3db,PDF text,True
edexcel-1ma1-3h-2022-november-q21,Algebra,Quadratic equations and graphs,Algebra,Completing the square,Algebra,Completing the square,exams/questions/gcse/higher/p3/edexcel-1ma1-3h-2022-november-q21.pdf,ac01f5c607d7c56089b4836d9beb80ac9da02a3b00e2dc843be028b1fea26fbb,PDF text,True
edexcel-1ma1-3h-2022-november-q22,Algebra,Algebraic fractions,Algebra,Algebraic fractions,Algebra,Algebraic fractions,exams/questions/gcse/higher/p3/edexcel-1ma1-3h-2022-november-q22.pdf,543b61e06355484c3f321284a8d636b01a333bf0d5478970952aecef007d55d1,PDF text,False
edexcel-1ma1-3h-2022-november-q23,Geometry and Measures,Transformations,Algebra,Graph transformations,Algebra,Graph transformations,exams/questions/gcse/higher/p3/edexcel-1ma1-3h-2022-november-q23.pdf,3e673ce8c614aed2d6bc11b1255057b815a5c3674a71f40a5441630206c9efeb,PDF text,True
edexcel-1ma1-3h-2022-november-q24,Geometry and Measures,Vectors and geometric proof,Geometry and Measures,Vector geometry,Geometry and Measures,Vector geometry,exams/questions/gcse/higher/p3/edexcel-1ma1-3h-2022-november-q24.pdf,5b62d05217710cd8d596ae112d60049ad203c734c1da21356c65f7b712cb4348,PDF text,True
edexcel-1ma1-3h-2022-november-q25,"Ratio, Proportion and Rates of Change","Density, mass and volume","Ratio, Proportion and Rates of Change",Density,"Ratio, Proportion and Rates of Change",Density,exams/questions/gcse/higher/p3/edexcel-1ma1-3h-2022-november-q25.pdf,da15e8f7c072d2268e7ebde2d1d84ce870157e532972dfa5d22940f1e8eccfe8,PDF text,True
edexcel-1ma1-3h-2022-november-q26,Geometry and Measures,Trigonometry,Geometry and Measures,Cosine rule,Geometry and Measures,Cosine rule | Area of a triangle using 1/2 ab sin C | Angles in polygons,exams/questions/gcse/higher/p3/edexcel-1ma1-3h-2022-november-q26.pdf,b6c3aeba163551b7acb2022fc6debdcced3c5d85f75368bea5d4c8a1bdd264cf,PDF text and visual,True
edexcel-1ma1-3h-2023-june-q1,Algebra,Expanding and simplifying expressions,Algebra,Expanding a single bracket,Algebra,Expanding a single bracket,exams/questions/gcse/higher/p3/edexcel-1ma1-3h-2023-june-q1.pdf,e4503f6f3db20b9e6fb4ed95df526940fc1bdb8a054aba15a5f3f1b24c9876cb,PDF text,True
edexcel-1ma1-3h-2023-june-q2,"Ratio, Proportion and Rates of Change",Percentages and multipliers,Number,Percentages,Number,Percentages,exams/questions/gcse/higher/p3/edexcel-1ma1-3h-2023-june-q2.pdf,f2d237e34424370f5c8612bddde832dceaec9820b8bbe60f9fc09a5834526c72,PDF text,True
edexcel-1ma1-3h-2023-june-q3,Geometry and Measures,Vectors and geometric proof,Geometry and Measures,Angles in parallel lines,Geometry and Measures,Angles in parallel lines,exams/questions/gcse/higher/p3/edexcel-1ma1-3h-2023-june-q3.pdf,4909c0c59bc9786255029a759cc67229a82be6b1c5c081098b8975daa4629e0d,PDF text,True
edexcel-1ma1-3h-2023-june-q4,"Ratio, Proportion and Rates of Change",Inverse proportion and work rates,"Ratio, Proportion and Rates of Change",Inverse proportion,"Ratio, Proportion and Rates of Change",Inverse proportion,exams/questions/gcse/higher/p3/edexcel-1ma1-3h-2023-june-q4.pdf,9bb59b92915e96413fcb004f9af7090642695c5524c91eb487a269e0efee9a0e,PDF text,True
edexcel-1ma1-3h-2023-june-q5,Number,"Prime factors, HCF and LCM",Number,HCF and LCM,Number,HCF and LCM,exams/questions/gcse/higher/p3/edexcel-1ma1-3h-2023-june-q5.pdf,310e6deb82eccce3a20b44e076804dba7e0c2674fcdecf0025383d6e93a4c1c4,PDF text,True
edexcel-1ma1-3h-2023-june-q6,"Ratio, Proportion and Rates of Change",Flow rates and time,"Ratio, Proportion and Rates of Change",Compound measures,"Ratio, Proportion and Rates of Change",Compound measures,exams/questions/gcse/higher/p3/edexcel-1ma1-3h-2023-june-q6.pdf,8230998d6a0d78ee9e6cb40d2454a34655a3070428656c5e71e7c7b6b752004a,PDF text,True
edexcel-1ma1-3h-2023-june-q7,Algebra,Quadratic graphs and graphical solutions,Algebra,Quadratic graphs,Algebra,Quadratic graphs,exams/questions/gcse/higher/p3/edexcel-1ma1-3h-2023-june-q7.pdf,14b35fc75b3601d302b2b70c413fc1716e1dd32c19868cf45a7ec03a51673aa9,PDF text,True
edexcel-1ma1-3h-2023-june-q8,"Ratio, Proportion and Rates of Change","Density, mass and volume","Ratio, Proportion and Rates of Change",Density,"Ratio, Proportion and Rates of Change",Density,exams/questions/gcse/higher/p3/edexcel-1ma1-3h-2023-june-q8.pdf,9a63840ebaeafad1c1cc46e893e4eb176990f86a5e7f6066dab500ad59b7477d,PDF text,True
edexcel-1ma1-3h-2023-june-q9,"Ratio, Proportion and Rates of Change",Percentages and multipliers,Number,Percentages,Number,Percentages,exams/questions/gcse/higher/p3/edexcel-1ma1-3h-2023-june-q9.pdf,7d6ed6deabad739803f2143820138d8c1c6c62054176dd5a36c58dc6ddfa3dfd,PDF text,True
edexcel-1ma1-3h-2023-june-q10,Geometry and Measures,Trigonometry,Geometry and Measures,Right-angled trigonometry,Geometry and Measures,Right-angled trigonometry,exams/questions/gcse/higher/p3/edexcel-1ma1-3h-2023-june-q10.pdf,24f7d744c4403caa5193dd8058a4c3ba2016d2f0545faf05f7034f4f5f16805d,PDF text,True
edexcel-1ma1-3h-2023-june-q11,Statistics,Cumulative frequency and quartiles,Statistics,Box plots,Statistics,Box plots,exams/questions/gcse/higher/p3/edexcel-1ma1-3h-2023-june-q11.pdf,c6becfca77e20d5262b92c6db24bffc0799f31309028b68686f2352dc790807e,PDF text,True
edexcel-1ma1-3h-2023-june-q12,Algebra,Expanding and simplifying expressions,Algebra,Expanding three brackets,Algebra,Expanding three brackets,exams/questions/gcse/higher/p3/edexcel-1ma1-3h-2023-june-q12.pdf,f55b6c9ce94cd2d8a458e90e18d52620f5917289f712907742e13bfe492970ae,PDF text,True
edexcel-1ma1-3h-2023-june-q13,Algebra,Sequences and nth terms,Algebra,Algebraic proof,Algebra,Algebraic proof,exams/questions/gcse/higher/p3/edexcel-1ma1-3h-2023-june-q13.pdf,333c3e01119b0d26c55e6dbdcb81811c0a29fa4708f2ff4cb4ce45a9c62c1dd0,PDF text,True
edexcel-1ma1-3h-2023-june-q14,Geometry and Measures,Circle theorems,Geometry and Measures,Sector area,Geometry and Measures,Sector area,exams/questions/gcse/higher/p3/edexcel-1ma1-3h-2023-june-q14.pdf,2b8c6cdf586d7003c579c099cee98f1cc8ee88f5c1b2f33d8c76417339114a00,PDF text,True
edexcel-1ma1-3h-2023-june-q15,Algebra,Factorising expressions,Algebra,Difference of two squares,Algebra,Difference of two squares,exams/questions/gcse/higher/p3/edexcel-1ma1-3h-2023-june-q15.pdf,6a44d02de75d648faf683c501fc5f8c3d8c29b417d184432cf38183da53d1a4d,PDF text,True
edexcel-1ma1-3h-2023-june-q16,Geometry and Measures,Similar shapes and scale factors,Geometry and Measures,Enlargements,Geometry and Measures,Enlargements,exams/questions/gcse/higher/p3/edexcel-1ma1-3h-2023-june-q16.pdf,0c50d846fd0620de3635fef612aee1d048b8f45ba303f9ad3e1455e26b7469ae,PDF text,True
edexcel-1ma1-3h-2023-june-q17,"Ratio, Proportion and Rates of Change","Speed, distance and time","Ratio, Proportion and Rates of Change",Distance-time graphs,"Ratio, Proportion and Rates of Change",Distance-time graphs,exams/questions/gcse/higher/p3/edexcel-1ma1-3h-2023-june-q17.pdf,182e49de96235590ea259f886d1af6a1aca38a803aed8e55e4bfc800ec79b4c3,PDF text,True
edexcel-1ma1-3h-2023-june-q18,Geometry and Measures,Volume and surface area,Geometry and Measures,Surface area,Geometry and Measures,Surface area,exams/questions/gcse/higher/p3/edexcel-1ma1-3h-2023-june-q18.pdf,1e4b1d3e692b353af41820a8424156c2aede9a906c1aba86fced23cb8c403fc7,PDF text,True
edexcel-1ma1-3h-2023-june-q19,Algebra,Graphs and equations,Algebra,Exponential graphs,Algebra,Exponential graphs,exams/questions/gcse/higher/p3/edexcel-1ma1-3h-2023-june-q19.pdf,09165711b0b47e56148b355f3093993fbde3db86919f8f3bf250ad105c81dbdf,PDF text and visual,True
edexcel-1ma1-3h-2023-june-q20,Number,Recurring decimals as fractions,Number,Recurring decimals,Number,Recurring decimals,exams/questions/gcse/higher/p3/edexcel-1ma1-3h-2023-june-q20.pdf,424b29954d85b7a64715b8259d8f5d40c4e2dc5d5f9198153933672367eeb9fb,PDF text,True
edexcel-1ma1-3h-2023-june-q21,Algebra,Solving equations,Algebra,Quadratic equations by factorising,Algebra,Quadratic equations by factorising | Algebraic fractions,exams/questions/gcse/higher/p3/edexcel-1ma1-3h-2023-june-q21.pdf,518de17e6f9f4ab64fccd123fda37c896bb5f4dc6d9b01f94b908cc4c69dda85,PDF text and visual,True
edexcel-1ma1-3h-2023-june-q22,Geometry and Measures,Vectors and geometric proof,Geometry and Measures,Vector geometry,Geometry and Measures,Vector geometry,exams/questions/gcse/higher/p3/edexcel-1ma1-3h-2023-june-q22.pdf,2b550e9b91c31e65849e0a076e9cb1e7296d56eb0869334bf4d518ceac91093e,PDF text,True
edexcel-1ma1-3h-2023-june-q23,Geometry and Measures,Circle theorems,Algebra,Parallel and perpendicular lines,Algebra,Parallel and perpendicular lines,exams/questions/gcse/higher/p3/edexcel-1ma1-3h-2023-june-q23.pdf,1d1f03092a8798fa0d71afc9eaf89c28725597566ce3fb7fbcd647dad353a2bf,PDF text,True
edexcel-1ma1-3h-2023-june-q24,Probability,Probability and combined events,Probability,Probability without replacement,Probability,Probability without replacement,exams/questions/gcse/higher/p3/edexcel-1ma1-3h-2023-june-q24.pdf,2b4e5f39acf302d5fa236ba896ab7f5fd965b6ebfcf0856f29ac5f2e83acf4f1,PDF text,True
edexcel-1ma1-3h-2023-november-q1,Number,Standard form,Number,Standard form,Number,Standard form,exams/questions/gcse/higher/p3/edexcel-1ma1-3h-2023-november-q1.pdf,ed62ae767bc4015d7abb26e029690041625fa0d69acdea78e3f35052ec3514f3,PDF text,False
edexcel-1ma1-3h-2023-november-q2,Probability,Probability and combined events,Probability,Expected frequency,Probability,Expected frequency,exams/questions/gcse/higher/p3/edexcel-1ma1-3h-2023-november-q2.pdf,3d07ee3e5b9b5cac90c35381ffe65ed3af4e35863fe7d4377d785327f45beeb3,PDF text,True
edexcel-1ma1-3h-2023-november-q3,Statistics,Averages and grouped data,Statistics,Estimated mean,Statistics,Estimated mean,exams/questions/gcse/higher/p3/edexcel-1ma1-3h-2023-november-q3.pdf,333207d9d745b4ae31cb49afa0fd6c592d780d544cc69a13bea588348ae0a9c7,PDF text,True
edexcel-1ma1-3h-2023-november-q4,Algebra,Algebraic inequalities,Algebra,Compound inequalities,Algebra,Compound inequalities,exams/questions/gcse/higher/p3/edexcel-1ma1-3h-2023-november-q4.pdf,fd2fb0923ea88f9a03257303eb2922d2387a1075cb9487bf1dff9856628e3fa1,PDF text,True
edexcel-1ma1-3h-2023-november-q5,Number,"Prime factors, HCF and LCM",Number,HCF and LCM,Number,HCF and LCM,exams/questions/gcse/higher/p3/edexcel-1ma1-3h-2023-november-q5.pdf,6717c0f65219e04d5e07ba74176d93a37f48469d09427ce1e02583e97939462f,PDF text,True
edexcel-1ma1-3h-2023-november-q6,"Ratio, Proportion and Rates of Change",Inverse proportion and work rates,"Ratio, Proportion and Rates of Change",Inverse proportion,"Ratio, Proportion and Rates of Change",Inverse proportion,exams/questions/gcse/higher/p3/edexcel-1ma1-3h-2023-november-q6.pdf,b29615a61e15c6a0f21c35aa01c362a45b89bbcb81042d3dca5f2cbf6ec45168,PDF text,True
edexcel-1ma1-3h-2023-november-q7,"Ratio, Proportion and Rates of Change","Speed, distance and time","Ratio, Proportion and Rates of Change",Speed,"Ratio, Proportion and Rates of Change",Speed,exams/questions/gcse/higher/p3/edexcel-1ma1-3h-2023-november-q7.pdf,9f50bd36b8eb788af5694eeecb408ae9ce2c593bf37a137d7e62fd96496c01df,PDF text,True
edexcel-1ma1-3h-2023-november-q8,"Ratio, Proportion and Rates of Change",Pressure and force,"Ratio, Proportion and Rates of Change",Pressure,"Ratio, Proportion and Rates of Change",Pressure,exams/questions/gcse/higher/p3/edexcel-1ma1-3h-2023-november-q8.pdf,9d7277263fc088c8a06f15d47258a3d356bf564044c1ccb7dcb27e82fe9ff510,PDF text,True
edexcel-1ma1-3h-2023-november-q9,Algebra,Solving equations,Algebra,Equation of a straight line,Algebra,Equation of a straight line,exams/questions/gcse/higher/p3/edexcel-1ma1-3h-2023-november-q9.pdf,6f354438fd4e065b8424692cf7481bf609a191ef1147365527e3f2b8ca2acc0d,PDF text,True
edexcel-1ma1-3h-2023-november-q10,Algebra,Rearranging formulae,Algebra,Rearranging formulae,Algebra,Rearranging formulae,exams/questions/gcse/higher/p3/edexcel-1ma1-3h-2023-november-q10.pdf,04cbc01e5c2d9914b72f9fd25abeed5b73e4d979f5b0bea6906137cc8b504478,PDF text,False
edexcel-1ma1-3h-2023-november-q11,Geometry and Measures,Area and perimeter,"Ratio, Proportion and Rates of Change",Scale factors,"Ratio, Proportion and Rates of Change",Scale factors,exams/questions/gcse/higher/p3/edexcel-1ma1-3h-2023-november-q11.pdf,1a6027df19ac56660258475dd3665478ca47eb6e7967629b953e4180359dcbf3,PDF text,True
edexcel-1ma1-3h-2023-november-q12,Geometry and Measures,Circle theorems,Geometry and Measures,Sector area,Geometry and Measures,Sector area,exams/questions/gcse/higher/p3/edexcel-1ma1-3h-2023-november-q12.pdf,cae3465539abd0eed264def2ce7901265fd18e7cdf85a3082ed9d9f1b07111aa,PDF text,True
edexcel-1ma1-3h-2023-november-q13,Statistics,Cumulative frequency and quartiles,Statistics,Cumulative frequency,Statistics,Cumulative frequency,exams/questions/gcse/higher/p3/edexcel-1ma1-3h-2023-november-q13.pdf,b1fd7318b453d0d6f620371b37398a9704f0260cfaeb0b69eb8aba5b15190806,PDF text,True
edexcel-1ma1-3h-2023-november-q14,Algebra,Sequences and nth terms,Algebra,Quadratic sequences,Algebra,Quadratic sequences,exams/questions/gcse/higher/p3/edexcel-1ma1-3h-2023-november-q14.pdf,6eed8d0045a12e4dd1ce1b6c11106ef41dd3466336ce9815196f35761310c401,PDF text and visual,True
edexcel-1ma1-3h-2023-november-q15,Geometry and Measures,Similar shapes and scale factors,Geometry and Measures,Similarity,Geometry and Measures,Similarity,exams/questions/gcse/higher/p3/edexcel-1ma1-3h-2023-november-q15.pdf,bc6e7c1c0ad5f3f1c1ac095c59dccb903d953545c86672ff753fd910c95fdf6f,PDF text,True
edexcel-1ma1-3h-2023-november-q16,Probability,Probability and combined events,Probability,Product rule for counting,Probability,Product rule for counting,exams/questions/gcse/higher/p3/edexcel-1ma1-3h-2023-november-q16.pdf,1698baddc03d50d0ca850c4cf9ce6bdaa87a39c011026ad1bdc9854d24f1bcae,PDF text,True
edexcel-1ma1-3h-2023-november-q17,Algebra,Completing the square and quadratic equations,Algebra,Completing the square,Algebra,Completing the square | Quadratic formula | Quadratic equations by factorising | Quadratic graphs,exams/questions/gcse/higher/p3/edexcel-1ma1-3h-2023-november-q17.pdf,446becca0d3b75509aa8200bfe2754f7a6cf7a9a3933e812f75616cb57abfd79,PDF text,True
edexcel-1ma1-3h-2023-november-q18,Geometry and Measures,Similar shapes and scale factors,Geometry and Measures,Enlargements,Geometry and Measures,Enlargements | Transformations | Rotations | Translations,exams/questions/gcse/higher/p3/edexcel-1ma1-3h-2023-november-q18.pdf,1de2aedfd86aa0f966c9441d269897512a0dcc426a10b5bc5eee6d4ffa7bbe2e,PDF text and visual,True
edexcel-1ma1-3h-2023-november-q19,Geometry and Measures,Volume and surface area,Geometry and Measures,Volume,Geometry and Measures,Volume,exams/questions/gcse/higher/p3/edexcel-1ma1-3h-2023-november-q19.pdf,16c921ecb6ef45ff7e34ac8336fdd0a85604244bb72c912cef69aed56b40b799,PDF text,True
edexcel-1ma1-3h-2023-november-q20,Algebra,Quadratic equations and graphs,Algebra,Graph transformations,Algebra,Graph transformations,exams/questions/gcse/higher/p3/edexcel-1ma1-3h-2023-november-q20.pdf,1365bc0efdf8711ce3bf8839a1a96d212e4e0833cac502e68d4a6923f8619e36,PDF text,True
edexcel-1ma1-3h-2023-november-q21,Geometry and Measures,Circle theorems,Geometry and Measures,Circle theorems,Geometry and Measures,Circle theorems,exams/questions/gcse/higher/p3/edexcel-1ma1-3h-2023-november-q21.pdf,13ee7950c1a0b30e5ecd63735bc6deee30c309aeb6b1035be708497d82d19f76,PDF text,False
edexcel-1ma1-3h-2023-november-q22,Number,Bounds and error intervals,Number,Bounds,Number,Bounds,exams/questions/gcse/higher/p3/edexcel-1ma1-3h-2023-november-q22.pdf,e248e8f4bf61185f0d6bf2edaa911918537e4430f268e84b3a4ef0ed1dd03210,PDF text,True
edexcel-1ma1-3h-2023-november-q23,"Ratio, Proportion and Rates of Change",Ratios and sharing,"Ratio, Proportion and Rates of Change",Ratio problem solving,"Ratio, Proportion and Rates of Change",Ratio problem solving,exams/questions/gcse/higher/p3/edexcel-1ma1-3h-2023-november-q23.pdf,907c6fa23472594758c545e7e752eb6a1c75fbfa68ce8ff9ac764479d7545a02,PDF text,True
edexcel-1ma1-3h-2023-november-q24,Geometry and Measures,Volume and surface area,Geometry and Measures,Right-angled trigonometry,Geometry and Measures,Right-angled trigonometry,exams/questions/gcse/higher/p3/edexcel-1ma1-3h-2023-november-q24.pdf,0c17f86baf34d6275929906883126e6700a32c7023d57c998072ed10410ff861,PDF text,True
edexcel-1ma1-3h-2024-june-q1,Number,"Prime factors, HCF and LCM",Number,HCF and LCM,Number,HCF and LCM,exams/questions/gcse/higher/p3/edexcel-1ma1-3h-2024-june-q1.pdf,108c77ed9f5dbac2447f8ad3de4ec3c89d6b1cdf1cc30f82cbc41f91f2045933,PDF text,True
edexcel-1ma1-3h-2024-june-q2,Number,Standard form,Number,Standard form calculations,Number,Standard form calculations,exams/questions/gcse/higher/p3/edexcel-1ma1-3h-2024-june-q2.pdf,0d18cf08047ff3dd18140bc1cdb1029e888fc0c47d0add5a1edae4210b6663d8,PDF text,True
edexcel-1ma1-3h-2024-june-q3,Geometry and Measures,Volume and surface area,Geometry and Measures,Plans and elevations,Geometry and Measures,Plans and elevations,exams/questions/gcse/higher/p3/edexcel-1ma1-3h-2024-june-q3.pdf,5e25574ebcc2583aded5d6e3f5a08e81f0607f05c739d93a5c84eda1531f7e61,PDF text,True
edexcel-1ma1-3h-2024-june-q4,"Ratio, Proportion and Rates of Change",Compound interest and repeated change,"Ratio, Proportion and Rates of Change",Compound growth and decay,"Ratio, Proportion and Rates of Change",Compound growth and decay,exams/questions/gcse/higher/p3/edexcel-1ma1-3h-2024-june-q4.pdf,b5f18f5d934b73bb30833202fc193b662eb4fadbf9f8cbd7266db0d6fb4798c6,PDF text,True
edexcel-1ma1-3h-2024-june-q5,"Ratio, Proportion and Rates of Change","Density, mass and volume","Ratio, Proportion and Rates of Change",Density,"Ratio, Proportion and Rates of Change",Density,exams/questions/gcse/higher/p3/edexcel-1ma1-3h-2024-june-q5.pdf,d239d315b1f2d34014f8f254932f90393df6388169342cba2791c4c71ea0666e,PDF text,True
edexcel-1ma1-3h-2024-june-q6,Probability,Tree diagrams and conditional probability,Probability,Tree diagrams,Probability,Tree diagrams,exams/questions/gcse/higher/p3/edexcel-1ma1-3h-2024-june-q6.pdf,6f1f4681fbd2475802daaf12dd8820ec10061d1e78aced3a3b86e3d66c5eccb0,PDF text,True
edexcel-1ma1-3h-2024-june-q7,Geometry and Measures,Volume and surface area,Geometry and Measures,Volume,Geometry and Measures,Volume,exams/questions/gcse/higher/p3/edexcel-1ma1-3h-2024-june-q7.pdf,d3f7976304e5f98bf53a20ab40dd6a47765ecce54aeee73ca3b9ae72efa9c5d4,PDF text,True
edexcel-1ma1-3h-2024-june-q8,Geometry and Measures,Vectors and geometric proof,Geometry and Measures,Vectors,Geometry and Measures,Vectors,exams/questions/gcse/higher/p3/edexcel-1ma1-3h-2024-june-q8.pdf,91314cee204d750c0c0a56e9910f0c6c1fa4e29c7f3e48070ce06802b590d740,PDF text,True
edexcel-1ma1-3h-2024-june-q9,Geometry and Measures,Volume and surface area,Geometry and Measures,Volume,Geometry and Measures,Volume,exams/questions/gcse/higher/p3/edexcel-1ma1-3h-2024-june-q9.pdf,07be831b007881f2004d9a912784249614595c4c49623c872deacc75fc54d0c0,PDF text,True
edexcel-1ma1-3h-2024-june-q10,"Ratio, Proportion and Rates of Change",Ratios and algebra,"Ratio, Proportion and Rates of Change",Ratio problem solving,"Ratio, Proportion and Rates of Change",Ratio problem solving,exams/questions/gcse/higher/p3/edexcel-1ma1-3h-2024-june-q10.pdf,5a9296bf13fecf55f80de057528f2a610f9085c289420e9b13a000b460cb52fa,PDF text,True
edexcel-1ma1-3h-2024-june-q11,Statistics,Cumulative frequency and quartiles,Statistics,Box plots,Statistics,Box plots,exams/questions/gcse/higher/p3/edexcel-1ma1-3h-2024-june-q11.pdf,d826ea5ff4483cc7803d97051532b03d7942bd7ec5cd05d1def13ed3e19e5609,PDF text,True
edexcel-1ma1-3h-2024-june-q12,Geometry and Measures,Similar shapes and scale factors,Geometry and Measures,Enlargements,Geometry and Measures,Enlargements,exams/questions/gcse/higher/p3/edexcel-1ma1-3h-2024-june-q12.pdf,b82dc18c34956f99871a800e7d36baa6fac9ffa51536f82c4c77b80fe464b06f,PDF text,True
edexcel-1ma1-3h-2024-june-q13,Probability,Probability and combined events,Probability,Product rule for counting,Probability,Product rule for counting,exams/questions/gcse/higher/p3/edexcel-1ma1-3h-2024-june-q13.pdf,b6527edfc7b97d4ac008906af2dafa45124c984d1190f44375735f8d1e0f4e89,PDF text,True
edexcel-1ma1-3h-2024-june-q14,"Ratio, Proportion and Rates of Change",Compound interest and repeated change,Number,Compound interest,Number,Compound interest,exams/questions/gcse/higher/p3/edexcel-1ma1-3h-2024-june-q14.pdf,5c9267162bbf016c49fde9be6455268b8ebba3d27fddc1612be263ae4aba371a,PDF text,True
edexcel-1ma1-3h-2024-june-q15,Algebra,Factorising expressions,Algebra,Factorising quadratics,Algebra,Factorising quadratics,exams/questions/gcse/higher/p3/edexcel-1ma1-3h-2024-june-q15.pdf,faddf552defeedba11168e6add999c777a1258cf09d192fed347a4a5f798c82a,PDF text,True
edexcel-1ma1-3h-2024-june-q16,Algebra,Functions and inverse functions,Algebra,Functions,Algebra,Functions,exams/questions/gcse/higher/p3/edexcel-1ma1-3h-2024-june-q16.pdf,d552081cfa3609f21dbcd2a27f142679cb878e8841221439ff0d402c3a8be1a2,PDF text,True
edexcel-1ma1-3h-2024-june-q17,"Ratio, Proportion and Rates of Change",Growth and decay using recurrence relations,"Ratio, Proportion and Rates of Change",Compound growth and decay,"Ratio, Proportion and Rates of Change",Compound growth and decay,exams/questions/gcse/higher/p3/edexcel-1ma1-3h-2024-june-q17.pdf,239940ec2195981fff33ddabfff3d89972b5865ca9e19052f5ec785da382b333,PDF text,True
edexcel-1ma1-3h-2024-june-q18,Geometry and Measures,Area and perimeter,Geometry and Measures,Area of a triangle using 1/2 ab sin C,Geometry and Measures,Area of a triangle using 1/2 ab sin C | Sine rule,exams/questions/gcse/higher/p3/edexcel-1ma1-3h-2024-june-q18.pdf,91719172126170730811e4ce86a258441b09bdc47cc1786f605b93972d6e0d04,PDF text and visual,True
edexcel-1ma1-3h-2024-june-q19,Number,Bounds and error intervals,Number,Bounds,Number,Bounds,exams/questions/gcse/higher/p3/edexcel-1ma1-3h-2024-june-q19.pdf,7d63d5d4d8bc0af49234e4f63979e81dfe0a2fb52e2c4d9a78e321039e5921e7,PDF text,True
edexcel-1ma1-3h-2024-june-q20,Algebra,Sequences and nth terms,Algebra,Geometric sequences,Algebra,Geometric sequences,exams/questions/gcse/higher/p3/edexcel-1ma1-3h-2024-june-q20.pdf,8577553ded04ce3fabbb4aac2fa0d69624e8a52c12ee677b0cefdec77daead13,PDF text,True
edexcel-1ma1-3h-2024-june-q21,Geometry and Measures,Circle theorems,Geometry and Measures,Exact trigonometric values,Geometry and Measures,Exact trigonometric values | Perimeter | Circles,exams/questions/gcse/higher/p3/edexcel-1ma1-3h-2024-june-q21.pdf,bd34ff9a3a8b93556e3681051d28e68e5aacc22c614e1d8f90f8374fa02b5d57,PDF text and visual,True
edexcel-1ma1-3h-2024-november-q1,Statistics,Averages and grouped data,Statistics,Frequency polygons,Statistics,Frequency polygons,exams/questions/gcse/higher/p3/edexcel-1ma1-3h-2024-november-q1.pdf,e6388ef653de90ac0a4218ae03af7e08562f624cd96ee651f87e687f5da58ea3,PDF text,True
edexcel-1ma1-3h-2024-november-q2,Number,Standard form,Number,Standard form,Number,Standard form,exams/questions/gcse/higher/p3/edexcel-1ma1-3h-2024-november-q2.pdf,06bd47d2de55c9e6fff288cbcbe1d093d17c46d6e6e2496c48a992812495e863,PDF text,False
edexcel-1ma1-3h-2024-november-q3,Geometry and Measures,Constructions and loci,Geometry and Measures,Constructions,Geometry and Measures,Constructions,exams/questions/gcse/higher/p3/edexcel-1ma1-3h-2024-november-q3.pdf,b455bdc857ae4fc5e50e74078da658bb24ffaf89d33a6ae83fc7c0c5da1633cc,PDF text,True
edexcel-1ma1-3h-2024-november-q4,Probability,Tree diagrams and conditional probability,Probability,Tree diagrams,Probability,Tree diagrams,exams/questions/gcse/higher/p3/edexcel-1ma1-3h-2024-november-q4.pdf,d2476dde6f92cf8c3af3651c03caa1a07791fbfea079fd4f4fd13757f4ef28c6,PDF text,True
edexcel-1ma1-3h-2024-november-q5,"Ratio, Proportion and Rates of Change",Ratios and percentage profit,Number,Percentage increase and decrease,Number,Percentage increase and decrease,exams/questions/gcse/higher/p3/edexcel-1ma1-3h-2024-november-q5.pdf,36d824b8953926f1152f1024b5766fca8344b1b2080ce2f6d94ef60d9b43d3a2,PDF text,True
edexcel-1ma1-3h-2024-november-q6,Statistics,Averages and grouped data,Statistics,Stem-and-leaf diagrams,Statistics,Stem-and-leaf diagrams,exams/questions/gcse/higher/p3/edexcel-1ma1-3h-2024-november-q6.pdf,8224a3170c362d4d59705503529161fda1f00c43d00c8473f1f0dffd6a5b6057,PDF text,True
edexcel-1ma1-3h-2024-november-q7,Number,Bounds and error intervals,Number,Error intervals,Number,Error intervals,exams/questions/gcse/higher/p3/edexcel-1ma1-3h-2024-november-q7.pdf,5ce21ee9887c65de306722a8aeb3ba2c63ab7e749bd7d59b785bcad8fb15075d,PDF text,True
edexcel-1ma1-3h-2024-november-q8,Geometry and Measures,Trigonometry,Geometry and Measures,Right-angled trigonometry,Geometry and Measures,Right-angled trigonometry,exams/questions/gcse/higher/p3/edexcel-1ma1-3h-2024-november-q8.pdf,611f62c40876796a9220ac1db6c1297ef25fb1c6a20c80193dd6a9f08353172a,PDF text,True
edexcel-1ma1-3h-2024-november-q9,Algebra,Simplifying algebraic expressions,Number,Laws of indices,Number,Laws of indices,exams/questions/gcse/higher/p3/edexcel-1ma1-3h-2024-november-q9.pdf,7a3b70e39c86cdbeb9cbfe20d5cbbc29d06fabd3f24e4e265a566b5b4e71a4b0,PDF text,True
edexcel-1ma1-3h-2024-november-q10,"Ratio, Proportion and Rates of Change",Percentages and multipliers,Number,Reverse percentages,Number,Reverse percentages,exams/questions/gcse/higher/p3/edexcel-1ma1-3h-2024-november-q10.pdf,70a4ad66c37b647fc16e6e14a5e795b0bae7d1a7143022c7484af103f704c685,PDF text,True
edexcel-1ma1-3h-2024-november-q11,Geometry and Measures,Circle theorems,Geometry and Measures,Arc length,Geometry and Measures,Arc length,exams/questions/gcse/higher/p3/edexcel-1ma1-3h-2024-november-q11.pdf,45763f636e4bbf781be3e99029b620408dc8132e771dc39e48a924807cf0cdcf,PDF text,True
edexcel-1ma1-3h-2024-november-q12,"Ratio, Proportion and Rates of Change",Compound interest and repeated change,Number,Compound interest,Number,Compound interest,exams/questions/gcse/higher/p3/edexcel-1ma1-3h-2024-november-q12.pdf,c6a42016dc30bd586166bceb0d0ce9a6c935641a3fea04346bd4991ef24f6ff4,PDF text,True
edexcel-1ma1-3h-2024-november-q13,Geometry and Measures,Area and perimeter,Geometry and Measures,Similarity,Geometry and Measures,Similarity,exams/questions/gcse/higher/p3/edexcel-1ma1-3h-2024-november-q13.pdf,00867d0e602b3fda0815ee6fff1efb340642be9ee08cf4493b09c573c9be6434,PDF text,True
edexcel-1ma1-3h-2024-november-q14,Number,Recurring decimals as fractions,Number,Recurring decimals,Number,Recurring decimals,exams/questions/gcse/higher/p3/edexcel-1ma1-3h-2024-november-q14.pdf,e2251b6e1de37bcdc55fbf342d955827371c11ac30f0f4dcef81c310a8c241b3,PDF text,True
edexcel-1ma1-3h-2024-november-q15,Algebra,Rearranging formulae,Algebra,Rearranging formulae,Algebra,Rearranging formulae,exams/questions/gcse/higher/p3/edexcel-1ma1-3h-2024-november-q15.pdf,ca1183addf1065f780f9325a92b02a101eb5f733d18932d77e46316fd364d7a2,PDF text,False
edexcel-1ma1-3h-2024-november-q16,Algebra,Straight-line graphs and equations,Algebra,Parallel and perpendicular lines,Algebra,Parallel and perpendicular lines,exams/questions/gcse/higher/p3/edexcel-1ma1-3h-2024-november-q16.pdf,214f16ff792be47a8248b8ab1196f7801f8c0811a329004b33fa5975a5c835b3,PDF text,True
edexcel-1ma1-3h-2024-november-q17,Geometry and Measures,Polygons and angle reasoning,Geometry and Measures,Area of a triangle using 1/2 ab sin C,Geometry and Measures,Area of a triangle using 1/2 ab sin C | Cosine rule,exams/questions/gcse/higher/p3/edexcel-1ma1-3h-2024-november-q17.pdf,dddc599ac01edf7fdb26f7651a5995ac52907bd1ab835e5e965ca3fc2f551abe,PDF text and visual,True
edexcel-1ma1-3h-2024-november-q18,Statistics,Capture-recapture estimates,Statistics,Capture-recapture,Statistics,Capture-recapture,exams/questions/gcse/higher/p3/edexcel-1ma1-3h-2024-november-q18.pdf,b25179ca60a7ebd4af703ca01bbdfb27c45536bfd6d98530fd43eb5986d3f1f4,PDF text,True
edexcel-1ma1-3h-2024-november-q19,Geometry and Measures,Volume and surface area,Geometry and Measures,Surface area,Geometry and Measures,Surface area,exams/questions/gcse/higher/p3/edexcel-1ma1-3h-2024-november-q19.pdf,2468cd23d704ef0915ef2d771275434ccde086ca87fbabae3a6336dd144a5f8d,PDF text,True
edexcel-1ma1-3h-2024-november-q20,Algebra,Simultaneous equations,Algebra,Simultaneous equations with a quadratic,Algebra,Simultaneous equations with a quadratic,exams/questions/gcse/higher/p3/edexcel-1ma1-3h-2024-november-q20.pdf,2845627e555c015525c0000ed57ab3fbb08801030945048e3c196d1e97edb5b7,PDF text and visual,True
edexcel-1ma1-3h-2024-november-q21,Algebra,Graph transformations,Algebra,Graph transformations,Algebra,Graph transformations,exams/questions/gcse/higher/p3/edexcel-1ma1-3h-2024-november-q21.pdf,3616584e0569f89b1c6a616bee1e3d5b436b973335ad69b8000ce311128b2705,PDF text,False
edexcel-1ma1-3h-2024-november-q22,"Ratio, Proportion and Rates of Change","Speed, distance and time","Ratio, Proportion and Rates of Change",Velocity-time graphs,"Ratio, Proportion and Rates of Change",Velocity-time graphs,exams/questions/gcse/higher/p3/edexcel-1ma1-3h-2024-november-q22.pdf,7d15c2cb21bf308bf87c90d96a99e95a69a13c6804358d14121ee3ca35d2b329,PDF text,True
edexcel-1ma1-3h-2024-november-q23,Algebra,Quadratic equations and graphs,Algebra,Quadratic graphs,Algebra,Quadratic graphs,exams/questions/gcse/higher/p3/edexcel-1ma1-3h-2024-november-q23.pdf,9f0c1b4b15223c4b8b03fa879f393ffbc62c8a739aa611c8c05f6afe10af7244,PDF text,True
edexcel-1ma1-3h-2025-june-q1,Statistics,Averages and grouped data,Statistics,Frequency polygons,Statistics,Frequency polygons,exams/questions/gcse/higher/p3/edexcel-1ma1-3h-2025-june-q1.pdf,4824667b416a0353462aa31562979c1690d06c78a1b76415cb7d10dfeaa166fd,PDF text,True
edexcel-1ma1-3h-2025-june-q2,Algebra,Rearranging formulae,Algebra,Rearranging formulae,Algebra,Rearranging formulae,exams/questions/gcse/higher/p3/edexcel-1ma1-3h-2025-june-q2.pdf,447a5fc283c968d32a1bdc188fdb315166681be9be682a2c01fb3d01a9dae057,PDF text,False
edexcel-1ma1-3h-2025-june-q3,"Ratio, Proportion and Rates of Change",Percentages and multipliers,Number,Percentage increase and decrease,Number,Percentage increase and decrease,exams/questions/gcse/higher/p3/edexcel-1ma1-3h-2025-june-q3.pdf,6bfbaadb11483c648f81dbffa6f6159b542082a20d01a972e4918471ea1c03c8,PDF text,True
edexcel-1ma1-3h-2025-june-q4,"Ratio, Proportion and Rates of Change",Proportion and rates,"Ratio, Proportion and Rates of Change",Best buys,"Ratio, Proportion and Rates of Change",Best buys,exams/questions/gcse/higher/p3/edexcel-1ma1-3h-2025-june-q4.pdf,efc3098e0dbb5c09ccc679329394a0a5865b90bd7ec3a91fba9a5be3ba490261,PDF text,True
edexcel-1ma1-3h-2025-june-q5,Number,Bounds and error intervals,Number,Error intervals,Number,Error intervals,exams/questions/gcse/higher/p3/edexcel-1ma1-3h-2025-june-q5.pdf,fa50f057a8deefece089ac9def3cfebd5175e4d02bd8c0f320d41104520c8351,PDF text,True
edexcel-1ma1-3h-2025-june-q6,"Ratio, Proportion and Rates of Change","Speed, distance and time","Ratio, Proportion and Rates of Change",Speed,"Ratio, Proportion and Rates of Change",Speed,exams/questions/gcse/higher/p3/edexcel-1ma1-3h-2025-june-q6.pdf,a1f3c12e420317924abf2821d4b8e98b4d57fe631f5f6a37c393ccd30e883591,PDF text,True
edexcel-1ma1-3h-2025-june-q7,Algebra,Straight-line graphs and equations,Algebra,Coordinates,Algebra,Coordinates,exams/questions/gcse/higher/p3/edexcel-1ma1-3h-2025-june-q7.pdf,0b4795718f60b3adaf8d74daaec17c48982d369ec70de196003460970660c9f5,PDF text,True
edexcel-1ma1-3h-2025-june-q8,Geometry and Measures,Area and perimeter,Geometry and Measures,Pythagoras,Geometry and Measures,Pythagoras,exams/questions/gcse/higher/p3/edexcel-1ma1-3h-2025-june-q8.pdf,d69a0ff0d346dd8bd225ce2813f784c280d3da9db71ed4d08452ca45528c31dd,PDF text,True
edexcel-1ma1-3h-2025-june-q9,Number,Standard form,Number,Standard form,Number,Standard form,exams/questions/gcse/higher/p3/edexcel-1ma1-3h-2025-june-q9.pdf,d4e5adaaede9f58bb2db58fc2393c7f5c12c15ba2b83e3b2ffe8e7fd01be20bd,PDF text,False
edexcel-1ma1-3h-2025-june-q10,Number,Calculator calculations and rounding,Number,Calculator calculations,Number,Calculator calculations,exams/questions/gcse/higher/p3/edexcel-1ma1-3h-2025-june-q10.pdf,ab671a4828ecfa3f64f820c1dfcd1100245b9a185f30ddd62288900f850e959a,PDF text,True
edexcel-1ma1-3h-2025-june-q11,"Ratio, Proportion and Rates of Change",Ratios and sharing,Number,Laws of indices,Number,Laws of indices,exams/questions/gcse/higher/p3/edexcel-1ma1-3h-2025-june-q11.pdf,53db550338f2252944f50e05d45568539adebc4fdae128ca1c28691c99f89212,PDF text,True
edexcel-1ma1-3h-2025-june-q12,"Ratio, Proportion and Rates of Change",Percentages and multipliers,Number,Reverse percentages,Number,Reverse percentages,exams/questions/gcse/higher/p3/edexcel-1ma1-3h-2025-june-q12.pdf,76759004b62202b741b188b799a401830a1e922c4e5b367880e1f07c05a0d9a4,PDF text,True
edexcel-1ma1-3h-2025-june-q13,Algebra,Graphs and equations,Algebra,Recognising graphs,Algebra,Recognising graphs,exams/questions/gcse/higher/p3/edexcel-1ma1-3h-2025-june-q13.pdf,c02092dc1929c75eacce584f947789b2a728720c93ee38f2f3875aefced10344,PDF text,True
edexcel-1ma1-3h-2025-june-q14,Geometry and Measures,Area and perimeter,Geometry and Measures,Area of a triangle using 1/2 ab sin C,Geometry and Measures,Area of a triangle using 1/2 ab sin C,exams/questions/gcse/higher/p3/edexcel-1ma1-3h-2025-june-q14.pdf,9895358e9a09266fce011d788aa2fdf6fb8e5a136771febcf4e8fa083acdc5f0,PDF text and visual,True
edexcel-1ma1-3h-2025-june-q15,Probability,Probability and combined events,Probability,Independent events,Probability,Independent events,exams/questions/gcse/higher/p3/edexcel-1ma1-3h-2025-june-q15.pdf,245986069878ef55879453f782df26797316704e5e276770562002a95bc2adf2,PDF text,True
edexcel-1ma1-3h-2025-june-q16,Geometry and Measures,Volume and surface area,Geometry and Measures,Volume,Geometry and Measures,Volume,exams/questions/gcse/higher/p3/edexcel-1ma1-3h-2025-june-q16.pdf,d6217393785a72709ceb993feffff957080a5602fd055f56432c204d162cbdbb,PDF text,True
edexcel-1ma1-3h-2025-june-q17,Algebra,Solving equations,Algebra,Algebraic fractions,Algebra,Algebraic fractions,exams/questions/gcse/higher/p3/edexcel-1ma1-3h-2025-june-q17.pdf,932eafe4f78343b62cb06924efb7800f1edfa47b9da416ebe2fac94218e64fab,PDF text and visual,True
edexcel-1ma1-3h-2025-june-q18,Probability,Venn diagrams and set notation,Probability,Venn diagrams,Probability,Venn diagrams,exams/questions/gcse/higher/p3/edexcel-1ma1-3h-2025-june-q18.pdf,d67ff8798806f1a3e97b9b561c5a28c3e052100ba2f60f7ed038a69f9cc4a1cd,PDF text,True
edexcel-1ma1-3h-2025-june-q19,Number,Bounds and error intervals,Number,Bounds,Number,Bounds,exams/questions/gcse/higher/p3/edexcel-1ma1-3h-2025-june-q19.pdf,6294491d8bb52bfeebba43a1966457bb83f75c344be00f1686a5e60eb0e574ea,PDF text,True
edexcel-1ma1-3h-2025-june-q20,Geometry and Measures,Circle theorems,Geometry and Measures,Circle theorems,Geometry and Measures,Circle theorems,exams/questions/gcse/higher/p3/edexcel-1ma1-3h-2025-june-q20.pdf,b8ff02664520fc77832bb46d1b074cc8045a74765380e7a26dc2cf46a0c32807,PDF text,False
edexcel-1ma1-3h-2025-june-q21,Algebra,Simultaneous equations,Algebra,Simultaneous equations with a quadratic,Algebra,Simultaneous equations with a quadratic,exams/questions/gcse/higher/p3/edexcel-1ma1-3h-2025-june-q21.pdf,5910ac454c49e4e73ae71fd9fde2ce45f13db79bf354d581a125b0feddccbda0,PDF text and visual,True
edexcel-1ma1-3h-2025-june-q22,Geometry and Measures,Circle theorems,Algebra,Parallel and perpendicular lines,Algebra,Parallel and perpendicular lines,exams/questions/gcse/higher/p3/edexcel-1ma1-3h-2025-june-q22.pdf,65abe89641c6fdbc9c0dbe47c6d7ac76dc3b209010080bb1ca1f93a4cb630f7a,PDF text,True
edexcel-1ma1-3h-2025-june-q23,Algebra,Straight-line graphs and equations,Geometry and Measures,Vector geometry,Geometry and Measures,Vector geometry,exams/questions/gcse/higher/p3/edexcel-1ma1-3h-2025-june-q23.pdf,e1fc9e9087c4121225fa54b9823f2b0d8b0482b3e86f818e1613fe8be6c9f8f3,PDF text,True
